IdKhachHang,City,IdInvoice,Day,Month,Year,Gender,ProductLine,PaymentMethod,Quantity,Rating,Gross Income
1,Yangon,750-67-8428,5,1,2019,Female,Health and beauty,Ewallet,7,9.1,26.1415
2,Yangon,123-19-1176,27,1,2019,Male,Electronic accessories,Ewallet,8,8.4,23.288
3,Yangon,355-53-5943,25,2,2019,Female,Home and lifestyle,Ewallet,6,5.8,20.652
4,Yangon,665-32-9167,10,1,2019,Female,Health and beauty,Credit card,2,7.2,3.626
5,Yangon,656-95-9349,11,3,2019,Female,Sports and travel,Credit card,7,4.6,24.1255
6,Yangon,549-59-1358,2,3,2019,Male,Electronic accessories,Ewallet,3,6,13.2945
7,Yangon,227-03-5010,22,3,2019,Female,Electronic accessories,Credit card,8,8.5,21.036
8,Yangon,129-29-8530,10,3,2019,Male,Home and lifestyle,Ewallet,5,7,15.655
9,Yangon,162-48-8011,10,2,2019,Female,Health and beauty,Cash,5,8.5,11.1475
10,Yangon,106-35-6779,27,3,2019,Male,Food and beverages,Cash,2,5.8,4.434
11,Yangon,589-02-8023,15,1,2019,Male,Fashion accessories,Credit card,2,7,8.377
12,Yangon,706-36-6154,18,1,2019,Male,Electronic accessories,Ewallet,9,8.7,8.712
13,Yangon,742-04-5161,3,2,2019,Male,Electronic accessories,Cash,10,7.3,36.39
14,Yangon,562-12-5430,18,1,2019,Female,Food and beverages,Ewallet,3,7.9,13.2225
15,Yangon,816-72-8853,29,1,2019,Female,Health and beauty,Cash,5,5.9,6.9825
16,Yangon,529-56-3981,17,2,2020,Male,Health and beauty,Ewallet,5,9.9,8.64
17,Yangon,491-38-3499,26,2,2019,Male,Health and beauty,Credit card,1,4.9,2.7725
18,Yangon,588-47-8641,14,1,2019,Male,Sports and travel,Ewallet,10,4.4,28.02
19,Yangon,274-05-5470,23,2,2019,Female,Food and beverages,Cash,4,6,14.694
20,Yangon,130-67-4723,11,1,2019,Male,Home and lifestyle,Ewallet,6,9.4,14.55
21,Yangon,105-10-6182,27,2,2019,Male,Electronic accessories,Ewallet,2,6.6,2.148
22,Yangon,817-48-8732,20,1,2019,Female,Health and beauty,Cash,10,5.4,36.175
23,Yangon,648-83-1321,16,1,2019,Male,Home and lifestyle,Cash,10,4.3,31.78
24,Yangon,689-05-1884,4,3,2019,Male,Electronic accessories,Cash,10,8.8,24.315
25,Yangon,800-09-8606,29,1,2019,Female,Sports and travel,Cash,5,6.6,21.8425
26,Yangon,182-52-7000,1,1,2019,Female,Home and lifestyle,Ewallet,4,6.9,5.408
27,Yangon,868-06-0466,19,2,2019,Male,Fashion accessories,Credit card,9,7.8,31.311
28,Yangon,786-94-2700,28,2,2019,Male,Fashion accessories,Cash,6,9.1,24.186
29,Yangon,857-16-3520,28,3,2019,Female,Food and beverages,Ewallet,7,4.5,25.011
30,Yangon,482-17-1179,19,1,2019,Male,Health and beauty,Credit card,3,8.1,1.791
31,Yangon,247-11-2470,1,3,2019,Female,Fashion accessories,Credit card,4,4.4,4.464
32,Yangon,756-49-0168,8,2,2019,Male,Sports and travel,Ewallet,1,9.5,0.985
33,Yangon,199-75-8169,6,3,2019,Male,Sports and travel,Credit card,10,8.6,7.905
34,Yangon,373-14-0504,12,2,2019,Female,Health and beauty,Ewallet,2,8.8,7.163
35,Yangon,546-80-2899,20,2,2019,Male,Food and beverages,Ewallet,2,9.5,3.769
36,Yangon,807-14-7833,22,2,2019,Female,Sports and travel,Ewallet,10,7,8.71
37,Yangon,250-17-5703,27,2,2019,Male,Sports and travel,Ewallet,10,5.6,9.425
38,Yangon,410-67-1709,20,1,2019,Female,Electronic accessories,Ewallet,8,9.9,25.552
39,Yangon,587-73-4862,26,3,2019,Female,Health and beauty,Ewallet,5,7.6,2.6725
40,Yangon,787-87-2010,20,1,2019,Male,Home and lifestyle,Credit card,4,6.6,11.1
41,Yangon,307-04-2070,5,2,2019,Female,Home and lifestyle,Credit card,1,4.1,1.531
42,Yangon,263-12-5321,27,2,2019,Male,Home and lifestyle,Credit card,7,9.3,32.41
43,Yangon,864-24-7918,22,2,2019,Female,Sports and travel,Cash,10,8.1,12.245
44,Yangon,877-22-3308,13,3,2019,Male,Food and beverages,Cash,10,5.8,7.935
45,Mandalay,529-56-3975,9,3,2020,Male,Food and beverages,Cash,10,6.8,5.102
46,Yangon,759-29-9521,4,3,2019,Female,Electronic accessories,Cash,9,8,22.032
47,Yangon,778-34-2523,24,1,2019,Female,Health and beauty,Cash,8,5,19.448
48,Yangon,186-43-8965,24,2,2019,Female,Food and beverages,Credit card,2,4.1,4.768
49,Yangon,569-76-2760,29,1,2019,Female,Electronic accessories,Credit card,4,6.6,4.402
50,Yangon,760-53-9233,26,3,2019,Male,Fashion accessories,Credit card,3,8.5,6.192
51,Yangon,416-17-9926,1,1,2019,Female,Food and beverages,Credit card,10,4.3,37.11
52,Yangon,528-14-9470,14,2,2019,Male,Food and beverages,Ewallet,1,9.2,4.565
53,Yangon,288-62-1085,9,1,2019,Male,Fashion accessories,Ewallet,5,5.6,9.635
54,Yangon,860-73-6466,2,3,2019,Female,Fashion accessories,Credit card,2,5,3.947
55,Yangon,804-38-3935,30,1,2019,Male,Home and lifestyle,Credit card,3,5.9,14.067
56,Mandalay,365-64-0521,15,3,2020,Male,Home and lifestyle,Credit card,3,4.4,3.32
57,Yangon,382-03-4532,2,2,2019,Female,Home and lifestyle,Cash,1,4.3,0.9165
58,Yangon,585-90-0249,27,1,2019,Male,Health and beauty,Ewallet,1,9.7,3.663
59,Yangon,160-22-2687,23,1,2019,Female,Home and lifestyle,Ewallet,5,8.8,23.9875
60,Yangon,748-45-2862,7,3,2019,Female,Electronic accessories,Cash,4,8.2,5.662
61,Yangon,316-66-3011,23,1,2019,Female,Sports and travel,Cash,9,5,21.4335
62,Yangon,840-76-5966,8,1,2019,Male,Home and lifestyle,Ewallet,2,7.8,1.276
63,Yangon,124-31-1458,8,1,2019,Female,Sports and travel,Cash,3,6.6,11.9385
64,Yangon,873-14-6353,16,2,2019,Male,Sports and travel,Credit card,7,7.1,8.687
65,Yangon,166-19-2553,18,1,2019,Male,Health and beauty,Cash,6,9.9,26.718
66,Yangon,737-88-5876,19,3,2019,Male,Health and beauty,Credit card,4,5.9,4.658
67,Yangon,291-55-6563,30,3,2019,Female,Health and beauty,Ewallet,6,7.5,10.326
68,Yangon,381-20-0914,12,1,2019,Female,Fashion accessories,Credit card,9,5.7,9.0045
69,Yangon,548-48-3156,19,3,2019,Female,Sports and travel,Cash,2,7.6,8.334
70,Yangon,325-89-4209,5,2,2019,Male,Health and beauty,Ewallet,1,6.7,4.395
71,Yangon,884-80-6021,23,3,2019,Female,Food and beverages,Ewallet,10,9.5,36.735
72,Yangon,880-46-5796,17,3,2019,Male,Fashion accessories,Ewallet,10,5.6,38.46
73,Yangon,146-09-5432,9,2,2019,Male,Food and beverages,Ewallet,9,4.6,15.768
74,Yangon,595-94-9924,26,3,2019,Female,Electronic accessories,Credit card,5,4.2,6.9325
75,Yangon,186-71-5196,27,3,2019,Female,Home and lifestyle,Ewallet,2,6.2,7.954
76,Yangon,522-57-8364,31,1,2019,Male,Electronic accessories,Ewallet,8,7.6,20.536
77,Yangon,459-45-2396,25,2,2019,Female,Fashion accessories,Cash,3,5.8,14.94
78,Yangon,397-25-8725,13,1,2019,Female,Fashion accessories,Credit card,9,6.8,17.829
79,Yangon,633-44-8566,27,3,2019,Male,Food and beverages,Credit card,7,7.3,17.283
80,Yangon,131-70-8179,17,2,2019,Female,Health and beauty,Cash,3,4.2,13.8135
81,Yangon,333-23-2632,28,3,2019,Male,Health and beauty,Cash,7,4.2,3.528
82,Yangon,384-59-6655,19,2,2019,Female,Food and beverages,Cash,9,8.4,44.397
83,Yangon,324-92-3863,5,2,2019,Male,Food and beverages,Cash,2,9.8,2.089
84,Yangon,195-06-0432,13,1,2019,Male,Food and beverages,Credit card,3,9.3,12.1515
85,Yangon,139-32-4183,14,3,2019,Female,Sports and travel,Ewallet,9,7.4,43.866
86,Yangon,727-02-1313,9,2,2019,Male,Sports and travel,Cash,1,7.7,1.592
87,Yangon,849-09-3807,18,2,2019,Female,Fashion accessories,Cash,7,6.6,30.919
88,Yangon,631-41-3108,3,3,2019,Male,Food and beverages,Credit card,7,7.4,16.2155
89,Yangon,373-73-7910,8,2,2019,Male,Sports and travel,Ewallet,7,5.3,30.2085
90,Yangon,873-51-0671,10,1,2019,Female,Health and beauty,Ewallet,7,5.1,7.693
91,Yangon,365-64-0515,12,2,2019,Female,Home and lifestyle,Ewallet,5,7.1,11.7375
92,Yangon,252-56-2699,7,2,2019,Male,Sports and travel,Ewallet,10,8.2,21.595
93,Yangon,829-34-3910,29,3,2019,Female,Sports and travel,Cash,10,5.7,35.69
94,Yangon,765-26-6951,1,1,2019,Male,Health and beauty,Credit card,6,6.9,21.783
95,Yangon,329-62-1586,21,1,2019,Male,Health and beauty,Credit card,3,8.6,8.2005
96,Yangon,636-48-8204,17,2,2019,Male,Electronic accessories,Ewallet,5,9.9,8.64
97,Yangon,189-17-4241,10,3,2019,Female,Health and beauty,Credit card,2,7.7,8.767
98,Yangon,848-62-7243,15,3,2019,Male,Electronic accessories,Cash,9,7.4,11.2005
99,Yangon,595-11-5460,15,3,2019,Male,Food and beverages,Credit card,2,5.1,9.658
100,Yangon,272-65-1806,15,1,2019,Female,Home and lifestyle,Ewallet,9,4.7,27.396
101,Yangon,704-48-3927,12,1,2019,Male,Fashion accessories,Ewallet,10,7.3,44.335
102,Yangon,635-40-6220,7,2,2019,Male,Fashion accessories,Ewallet,8,6.6,35.84
103,Yangon,232-11-3025,24,1,2019,Male,Electronic accessories,Cash,10,6.4,39.385
104,Yangon,287-21-9091,22,1,2019,Male,Food and beverages,Ewallet,9,9.4,33.6015
105,Yangon,504-35-8843,2,1,2019,Male,Health and beauty,Cash,1,5.7,2.1235
106,Yangon,594-34-4444,8,3,2019,Male,Electronic accessories,Ewallet,1,7.2,4.858
107,Yangon,865-92-6136,23,3,2019,Male,Fashion accessories,Ewallet,3,9.3,7.9125
108,Yangon,212-62-1842,28,3,2019,Male,Sports and travel,Cash,6,9.9,17.478
109,Yangon,630-74-5166,22,3,2019,Male,Food and beverages,Cash,6,7.4,18.639
110,Yangon,642-32-2990,2,2,2019,Female,Electronic accessories,Ewallet,10,6,5.48
111,Yangon,638-60-7125,14,2,2019,Female,Sports and travel,Credit card,8,5.2,39.824
112,Yangon,645-44-1170,19,1,2019,Male,Health and beauty,Ewallet,9,4.3,26.1315
113,Yangon,668-90-8900,10,3,2019,Female,Fashion accessories,Credit card,7,4.5,32.7915
114,Yangon,870-54-3162,27,1,2019,Female,Home and lifestyle,Cash,5,9,8.0625
115,Yangon,700-81-1757,18,1,2019,Female,Home and lifestyle,Credit card,5,8.8,6.5775
116,Yangon,575-30-8091,16,3,2019,Male,Fashion accessories,Ewallet,8,9.2,29
117,Yangon,239-10-7476,21,1,2019,Female,Fashion accessories,Ewallet,6,8,23.385
118,Yangon,238-49-0436,27,3,2019,Male,Fashion accessories,Credit card,8,4.9,12.984
119,Yangon,746-94-0204,29,1,2019,Male,Food and beverages,Credit card,9,7.4,37.458
120,Yangon,275-28-0149,25,2,2019,Male,Home and lifestyle,Cash,1,6,3.1845
121,Yangon,101-17-6199,13,3,2019,Male,Electronic accessories,Credit card,7,7,16.0265
122,Yangon,687-47-8271,8,2,2019,Male,Sports and travel,Credit card,10,8.7,49.49
123,Yangon,802-70-5316,6,3,2019,Female,Sports and travel,Cash,6,8.3,27.639
124,Yangon,796-32-9050,19,1,2019,Male,Home and lifestyle,Cash,6,6.5,15.384
125,Yangon,249-42-3782,3,1,2019,Male,Fashion accessories,Ewallet,5,5.5,17.5025
126,Yangon,407-63-8975,23,3,2019,Male,Home and lifestyle,Ewallet,6,4.4,22.164
127,Yangon,586-25-0848,4,3,2019,Female,Sports and travel,Credit card,7,6.7,4.319
128,Yangon,400-60-7251,10,2,2019,Male,Fashion accessories,Ewallet,1,9.9,3.7035
129,Yangon,831-07-6050,19,3,2019,Male,Food and beverages,Credit card,5,9.9,8.1775
130,Yangon,856-22-8149,23,3,2019,Female,Sports and travel,Ewallet,1,6.1,1.2645
131,Yangon,749-24-1565,3,1,2019,Female,Fashion accessories,Ewallet,9,7.9,10.3635
132,Yangon,888-02-0338,25,1,2019,Male,Sports and travel,Ewallet,9,5.9,11.8035
133,Yangon,529-56-3982,22,3,2020,Female,Sports and travel,Credit card,9,8.5,21.036
134,Yangon,802-43-8934,22,3,2019,Male,Electronic accessories,Credit card,1,8.3,0.914
135,Yangon,354-39-5160,18,2,2019,Female,Health and beauty,Cash,6,9.8,10.326
136,Yangon,213-72-6612,20,3,2019,Male,Fashion accessories,Cash,2,6.2,4.325
137,Yangon,721-86-6247,11,3,2019,Female,Electronic accessories,Ewallet,8,7.4,25.368
138,Yangon,645-78-8093,20,1,2019,Female,Home and lifestyle,Ewallet,2,4.1,9.314
139,Yangon,478-06-7835,11,1,2019,Male,Sports and travel,Ewallet,1,4.9,4.4845
140,Yangon,540-11-4336,11,1,2019,Male,Sports and travel,Credit card,9,5.6,11.223
141,Yangon,448-81-5016,11,3,2019,Male,Sports and travel,Credit card,2,5.8,5.977
142,Yangon,290-68-2984,16,3,2019,Male,Health and beauty,Cash,4,5.2,4.75
143,Yangon,850-41-9669,19,3,2019,Female,Health and beauty,Ewallet,9,6.2,33.777
144,Yangon,633-91-1052,27,1,2019,Female,Food and beverages,Cash,2,5.1,1.203
145,Yangon,136-08-6195,15,2,2019,Female,Home and lifestyle,Credit card,8,6.4,27.984
146,Yangon,685-64-1609,10,2,2019,Female,Health and beauty,Ewallet,10,9.2,15.07
147,Yangon,490-29-1201,6,1,2019,Female,Fashion accessories,Cash,1,6.5,0.767
148,Yangon,439-54-7422,18,3,2019,Female,Health and beauty,Credit card,4,4.7,10.238
149,Yangon,286-01-5402,30,3,2019,Female,Home and lifestyle,Cash,7,9.6,14.0805
150,Yangon,848-42-2560,5,3,2019,Female,Health and beauty,Cash,2,7.8,8.191
151,Yangon,372-94-8041,15,2,2019,Male,Fashion accessories,Ewallet,6,9.8,4.578
152,Yangon,563-91-7120,8,3,2019,Female,Sports and travel,Cash,5,6.7,15.4425
153,Yangon,746-54-5508,17,1,2019,Male,Fashion accessories,Credit card,6,9.4,6.456
154,Yangon,634-97-8956,17,2,2019,Male,Food and beverages,Credit card,3,9.1,4.935
155,Yangon,566-71-1091,3,2,2019,Male,Sports and travel,Cash,5,5.5,19.255
156,Yangon,898-04-2717,19,3,2019,Male,Food and beverages,Ewallet,9,7.5,34.38
157,Yangon,782-95-9291,20,2,2019,Male,Electronic accessories,Credit card,5,9,23.0725
158,Yangon,150-89-8043,14,2,2019,Male,Home and lifestyle,Cash,3,6.2,6.6975
159,Yangon,135-84-8019,27,2,2019,Female,Health and beauty,Ewallet,9,7.6,35.0685
160,Yangon,531-80-1784,28,3,2019,Male,Sports and travel,Cash,7,5.1,9.107
161,Yangon,834-61-8124,26,1,2019,Male,Food and beverages,Cash,7,5.5,18.0915
162,Yangon,462-67-9126,21,1,2019,Male,Sports and travel,Cash,6,7.2,21.966
163,Yangon,422-29-8786,3,1,2019,Female,Food and beverages,Credit card,5,9.1,16.7725
164,Yangon,662-72-2873,6,1,2019,Female,Sports and travel,Ewallet,5,9.9,10.235
165,Yangon,725-56-0833,20,2,2019,Female,Food and beverages,Credit card,10,10,16.16
166,Yangon,885-17-6250,6,3,2019,Female,Health and beauty,Ewallet,1,7.3,3.987
167,Yangon,726-27-2396,24,1,2019,Female,Home and lifestyle,Ewallet,5,4.3,19.375
168,Yangon,105-31-1824,1,2,2019,Male,Fashion accessories,Credit card,7,8.5,24.332
169,Yangon,316-01-3952,13,3,2019,Female,Food and beverages,Ewallet,5,4.6,13.5675
170,Yangon,732-67-5346,11,1,2019,Male,Sports and travel,Credit card,5,7.8,3.4475
171,Yangon,256-08-8343,4,3,2019,Female,Health and beauty,Ewallet,4,5.5,11.306
172,Yangon,696-90-2548,10,3,2019,Male,Food and beverages,Ewallet,3,6.6,3.876
173,Yangon,472-15-9636,22,3,2019,Male,Electronic accessories,Ewallet,8,9.2,20.372
174,Yangon,459-50-7686,13,1,2019,Female,Electronic accessories,Ewallet,6,6.4,7.038
175,Yangon,345-08-4992,8,3,2019,Male,Food and beverages,Credit card,6,7.7,10.197
176,Yangon,301-11-9629,15,1,2019,Female,Home and lifestyle,Cash,7,9.7,6.685
177,Yangon,727-17-0390,16,3,2019,Female,Food and beverages,Ewallet,5,4.8,15.9025
178,Yangon,568-88-3448,3,3,2019,Male,Fashion accessories,Ewallet,1,5.5,1.25
179,Yangon,827-26-2100,21,3,2019,Male,Food and beverages,Ewallet,9,8.8,15.228
180,Yangon,502-05-1910,25,2,2019,Male,Health and beauty,Credit card,3,6.3,9.777
181,Yangon,485-30-8700,18,3,2019,Female,Fashion accessories,Credit card,5,4.2,8.315
182,Yangon,575-67-1508,29,1,2019,Male,Food and beverages,Ewallet,1,6.7,1.93
183,Yangon,674-15-9296,8,1,2019,Male,Sports and travel,Ewallet,5,5,9.285
184,Yangon,795-49-7276,23,3,2019,Male,Health and beauty,Ewallet,4,8.3,7.43
185,Yangon,209-61-0206,5,1,2019,Female,Sports and travel,Ewallet,5,6.1,10.7275
186,Yangon,595-27-4851,27,1,2019,Female,Food and beverages,Ewallet,7,9.3,18.998
187,Yangon,189-52-0236,14,3,2019,Male,Home and lifestyle,Cash,7,7.6,34.8425
188,Yangon,220-28-1851,1,3,2019,Male,Home and lifestyle,Ewallet,2,9.7,3.473
189,Yangon,534-01-4457,27,1,2019,Male,Home and lifestyle,Credit card,6,8,24.513
190,Yangon,175-54-2529,3,3,2019,Male,Home and lifestyle,Credit card,8,9.6,8.868
191,Yangon,827-77-7633,17,2,2019,Male,Home and lifestyle,Cash,9,9.3,44.1405
192,Yangon,287-83-1405,12,2,2019,Male,Fashion accessories,Ewallet,6,7,7.629
193,Yangon,892-05-6689,11,3,2019,Female,Food and beverages,Ewallet,5,6.2,7.08
194,Yangon,643-38-7867,7,3,2019,Male,Home and lifestyle,Ewallet,1,6.9,4.897
195,Yangon,308-81-0538,25,2,2019,Female,Electronic accessories,Credit card,4,4.9,14.61
196,Yangon,460-35-4390,22,1,2019,Male,Fashion accessories,Ewallet,3,9.1,4.602
197,Yangon,647-50-1224,12,1,2019,Female,Health and beauty,Ewallet,10,8.9,14.71
198,Yangon,541-48-8554,7,1,2019,Male,Home and lifestyle,Credit card,9,6,27.4275
199,Yangon,213-32-1216,23,1,2019,Female,Health and beauty,Cash,6,7.3,19.818
200,Yangon,698-98-5964,17,1,2019,Female,Food and beverages,Credit card,10,6.3,40.605
201,Yangon,851-28-6367,23,3,2019,Male,Sports and travel,Ewallet,10,8,7.75
202,Yangon,651-88-7328,1,1,2019,Female,Electronic accessories,Cash,9,7.7,29.583
203,Yangon,550-84-8664,22,3,2019,Male,Electronic accessories,Credit card,5,8.6,21.4775
204,Yangon,797-88-0493,26,3,2019,Female,Health and beauty,Cash,4,7.7,12.854
205,Yangon,127-47-6963,9,3,2019,Male,Home and lifestyle,Credit card,4,9.8,10.342
206,Yangon,278-86-2735,27,3,2019,Female,Health and beauty,Cash,3,9.2,7.851
207,Yangon,695-28-6250,4,2,2019,Female,Electronic accessories,Ewallet,5,7.7,10.765
208,Yangon,227-50-3718,4,3,2019,Male,Home and lifestyle,Cash,5,4.4,3.655
209,Yangon,152-68-2907,15,2,2019,Male,Fashion accessories,Credit card,3,9.5,7.83
210,Yangon,318-12-0304,23,1,2019,Male,Electronic accessories,Ewallet,1,5.2,1.5305
211,Yangon,421-95-9805,7,2,2019,Female,Electronic accessories,Credit card,1,6.2,1.448
212,Yangon,319-74-2561,21,2,2019,Female,Food and beverages,Cash,3,5.5,14.196
213,Yangon,420-97-3340,28,3,2019,Female,Home and lifestyle,Credit card,3,9.2,10.752
214,Yangon,816-57-2053,9,3,2019,Male,Sports and travel,Ewallet,2,8.7,6.087
215,Yangon,308-39-1707,26,1,2019,Female,Sports and travel,Credit card,1,8.2,0.6045
216,Yangon,149-61-1929,19,1,2019,Male,Home and lifestyle,Credit card,10,6.7,32.095
217,Yangon,655-07-2265,5,3,2019,Male,Sports and travel,Ewallet,3,5.4,11.7465
218,Yangon,610-46-4100,3,3,2019,Male,Electronic accessories,Credit card,7,6,10.1325
219,Yangon,169-52-4504,14,3,2019,Female,Fashion accessories,Credit card,3,5.8,2.3535
220,Yangon,518-17-2983,4,2,2019,Female,Food and beverages,Ewallet,4,7.6,9.726
221,Yangon,811-03-8790,1,3,2019,Female,Electronic accessories,Credit card,10,4.8,22.74
222,Yangon,305-03-2383,15,2,2019,Female,Food and beverages,Cash,3,7.5,10.065
223,Yangon,157-13-5295,9,3,2019,Male,Electronic accessories,Ewallet,10,6.5,25.97
224,Yangon,445-30-9252,17,1,2019,Male,Fashion accessories,Ewallet,3,6.1,3.855
225,Yangon,258-92-7466,6,2,2019,Female,Food and beverages,Credit card,5,6.6,8.92
226,Yangon,788-21-5741,17,2,2019,Male,Sports and travel,Credit card,3,7.2,6.807
227,Yangon,635-28-5728,28,2,2019,Male,Health and beauty,Ewallet,3,4.8,8.4
228,Yangon,805-86-0265,20,3,2019,Male,Electronic accessories,Cash,9,9.8,42.282
229,Yangon,585-86-8361,3,2,2019,Female,Electronic accessories,Credit card,5,8.6,6.82
230,Yangon,652-43-6591,9,3,2019,Female,Home and lifestyle,Credit card,8,6.2,38.916
231,Yangon,406-46-7107,11,1,2019,Female,Fashion accessories,Cash,6,4.5,28.956
232,Yangon,156-95-3964,25,3,2019,Female,Electronic accessories,Ewallet,4,8,11.078
233,Yangon,886-54-6089,15,1,2019,Female,Health and beauty,Cash,6,7.7,3.429
234,Yangon,217-58-1179,5,1,2019,Male,Fashion accessories,Cash,4,4.2,12.53
235,Yangon,534-53-3526,11,2,2019,Female,Health and beauty,Ewallet,4,7.8,18.952
236,Yangon,404-91-5964,4,2,2019,Male,Sports and travel,Credit card,7,9,26.103
237,Yangon,497-37-6538,17,1,2019,Male,Health and beauty,Ewallet,7,9.7,20.6185
238,Yangon,651-96-5970,3,3,2019,Male,Fashion accessories,Credit card,1,4,2.3205
239,Yangon,702-72-0487,26,2,2019,Female,Electronic accessories,Credit card,2,6.6,4.661
240,Yangon,220-68-6701,17,3,2019,Female,Fashion accessories,Cash,4,4.2,15.494
241,Yangon,618-34-8551,16,1,2019,Female,Food and beverages,Credit card,2,8.5,9.318
242,Yangon,257-60-7754,8,1,2019,Female,Health and beauty,Cash,4,9,10.046
243,Yangon,380-60-5336,24,2,2019,Female,Fashion accessories,Credit card,10,5,20.13
244,Yangon,674-56-6360,22,3,2019,Male,Home and lifestyle,Cash,1,6,4.7575
245,Yangon,530-90-9855,1,1,2019,Male,Home and lifestyle,Cash,8,5.7,19.036
246,Yangon,832-51-6761,19,1,2019,Male,Home and lifestyle,Ewallet,8,9.6,13.552
247,Yangon,276-75-6884,4,3,2019,Female,Electronic accessories,Cash,3,8.7,10.3065
248,Yangon,237-44-6163,24,1,2019,Male,Fashion accessories,Cash,8,7.6,4.224
249,Yangon,807-34-3742,26,3,2019,Male,Electronic accessories,Cash,1,5.8,2.619
250,Yangon,497-36-0989,15,2,2019,Male,Food and beverages,Cash,3,7.9,7.791
251,Yangon,896-34-0956,26,1,2019,Male,Food and beverages,Cash,1,5.9,1.066
252,Yangon,125-45-2293,19,1,2019,Female,Fashion accessories,Cash,6,4.2,29.73
253,Yangon,843-73-4724,25,1,2019,Male,Sports and travel,Cash,1,9.2,3.705
254,Yangon,409-33-9708,19,2,2019,Female,Home and lifestyle,Ewallet,2,9.2,9.848
255,Yangon,852-82-2749,6,1,2019,Male,Home and lifestyle,Ewallet,4,9.3,12.918
256,Yangon,604-70-6476,23,1,2019,Male,Fashion accessories,Ewallet,5,6.8,4.485
257,Yangon,448-61-3783,21,3,2019,Female,Electronic accessories,Credit card,8,4.5,36.008
258,Yangon,460-93-5834,13,1,2019,Male,Home and lifestyle,Cash,7,5,15.953
259,Yangon,865-41-9075,28,1,2019,Male,Electronic accessories,Cash,7,8.1,4.0355
260,Yangon,453-33-6436,7,2,2019,Female,Electronic accessories,Cash,8,6.8,37.248
261,Yangon,749-81-8133,11,3,2019,Female,Electronic accessories,Cash,4,6.8,18.934
262,Yangon,243-55-8457,27,2,2019,Female,Fashion accessories,Ewallet,10,5.1,37.22
263,Yangon,361-85-2571,30,3,2019,Female,Fashion accessories,Cash,5,7.4,22.37
264,Yangon,720-72-2436,2,3,2019,Male,Sports and travel,Ewallet,4,6.9,13.304
265,Yangon,809-69-9497,19,1,2019,Female,Sports and travel,Ewallet,10,5.7,22.84
266,Yangon,449-16-6770,19,2,2019,Male,Sports and travel,Credit card,5,5.3,12.6975
267,Yangon,799-71-1548,7,1,2019,Male,Home and lifestyle,Credit card,4,8.8,15.544
268,Yangon,489-82-1237,5,1,2019,Female,Food and beverages,Credit card,7,7.3,32.858
269,Yangon,846-10-0341,6,1,2019,Female,Home and lifestyle,Cash,7,6.8,14.8995
270,Yangon,593-08-5916,19,3,2019,Female,Home and lifestyle,Credit card,1,7.4,0.775
271,Yangon,558-60-5016,4,3,2019,Female,Sports and travel,Ewallet,9,7.2,14.985
272,Yangon,605-03-2706,25,3,2019,Female,Health and beauty,Cash,3,9.5,2.37
273,Yangon,531-56-4728,11,2,2019,Male,Home and lifestyle,Cash,3,5.4,12.012
274,Yangon,221-25-5073,4,3,2019,Female,Home and lifestyle,Cash,4,8.5,14.932
275,Yangon,809-46-1866,23,1,2019,Male,Health and beauty,Cash,4,8.4,11.63
276,Yangon,886-18-2897,22,3,2019,Female,Fashion accessories,Credit card,5,4.5,14.14
277,Yangon,745-74-0715,10,3,2019,Male,Home and lifestyle,Ewallet,2,8.8,5.803
278,Yangon,704-11-6354,6,1,2019,Male,Fashion accessories,Cash,8,8.9,23.56
279,Yangon,347-56-2442,22,2,2019,Male,Fashion accessories,Cash,1,4.1,3.291
280,Mandalay,692-92-5582,20,2,2019,Female,Sports and travel,Credit card,3,5.9,8.226
281,Mandalay,351-62-0822,6,2,2019,Female,Home and lifestyle,Ewallet,4,4.5,2.896
282,Mandalay,529-56-3974,9,3,2019,Male,Home and lifestyle,Cash,4,6.8,5.102
283,Mandalay,299-46-1805,15,1,2019,Female,Sports and travel,Cash,6,4.5,28.116
284,Mandalay,149-71-6266,28,1,2019,Male,Health and beauty,Cash,9,4.5,35.1315
285,Mandalay,777-82-7220,3,3,2019,Male,Health and beauty,Cash,8,7.7,12.048
286,Mandalay,280-35-5823,17,1,2019,Female,Health and beauty,Ewallet,1,7.9,4.336
287,Mandalay,354-25-5821,8,2,2019,Female,Home and lifestyle,Cash,6,5.6,20.736
288,Mandalay,132-32-9879,9,3,2019,Female,Sports and travel,Cash,4,9.5,18.792
289,Yangon,366-93-0948,31,1,2019,Male,Food and beverages,Credit card,1,9.7,3.3175
290,Mandalay,370-41-7321,27,2,2019,Male,Home and lifestyle,Credit card,9,8.4,25.5105
291,Mandalay,727-46-3608,6,2,2019,Female,Electronic accessories,Ewallet,9,4.1,9.0045
292,Mandalay,669-54-1719,10,2,2019,Male,Electronic accessories,Credit card,6,8.1,5.679
293,Mandalay,616-24-2851,22,3,2019,Female,Electronic accessories,Ewallet,4,6.5,3.574
294,Mandalay,347-34-2234,3,2,2019,Female,Food and beverages,Ewallet,9,10,24.7815
295,Mandalay,853-23-2453,14,2,2019,Male,Health and beauty,Cash,4,7.6,15.148
296,Mandalay,109-28-2512,7,1,2019,Female,Electronic accessories,Ewallet,6,9.9,29.283
297,Mandalay,510-95-6347,5,3,2019,Female,Electronic accessories,Ewallet,3,4,7.278
298,Mandalay,152-08-9985,12,3,2019,Male,Home and lifestyle,Credit card,9,8.6,28.962
299,Mandalay,479-26-8945,5,2,2019,Female,Home and lifestyle,Ewallet,2,4.6,1.649
300,Yangon,729-09-9681,5,2,2019,Male,Home and lifestyle,Ewallet,6,8.7,7.773
301,Mandalay,291-32-1427,5,3,2019,Male,Fashion accessories,Ewallet,5,5.3,5.485
302,Mandalay,659-65-8956,16,1,2019,Male,Health and beauty,Ewallet,1,5.2,2.568
303,Mandalay,219-22-9386,9,3,2019,Male,Food and beverages,Credit card,9,4.2,44.982
304,Mandalay,268-27-6179,9,3,2019,Female,Electronic accessories,Ewallet,8,7.3,22.588
305,Mandalay,590-83-4591,17,2,2019,Male,Electronic accessories,Credit card,6,8.8,26.235
306,Mandalay,262-47-2794,6,3,2019,Male,Electronic accessories,Credit card,8,6.2,28.744
307,Mandalay,608-96-3517,23,3,2019,Female,Sports and travel,Credit card,4,4.8,18.308
308,Mandalay,279-74-2924,4,1,2019,Male,Home and lifestyle,Cash,1,6.1,3.6085
309,Mandalay,743-04-1105,30,3,2019,Male,Electronic accessories,Ewallet,9,6,43.749
310,Mandalay,505-02-0892,25,2,2019,Male,Fashion accessories,Ewallet,8,5.6,17.028
311,Yangon,151-16-1484,13,2,2019,Male,Sports and travel,Ewallet,4,6.5,6.45
312,Mandalay,316-55-4634,26,1,2019,Male,Fashion accessories,Credit card,5,9.4,20.0125
313,Mandalay,608-27-6295,19,1,2019,Male,Food and beverages,Credit card,6,9.8,15.867
314,Mandalay,895-66-0685,5,3,2019,Male,Health and beauty,Ewallet,3,8,2.712
315,Mandalay,305-14-0245,3,3,2019,Female,Electronic accessories,Ewallet,8,7.5,37.796
316,Mandalay,529-56-3980,5,3,2020,Male,Electronic accessories,Ewallet,8,5.1,13.197
317,Mandalay,732-04-5373,8,2,2019,Male,Food and beverages,Cash,4,7,9.294
318,Mandalay,542-41-0513,15,3,2019,Female,Electronic accessories,Cash,4,6.6,11.498
319,Mandalay,875-46-5808,6,2,2019,Male,Health and beauty,Ewallet,10,8.7,12.95
320,Mandalay,394-43-4238,15,2,2019,Male,Health and beauty,Credit card,5,5.4,4.4425
321,Mandalay,891-58-8335,11,3,2019,Female,Food and beverages,Cash,7,6.5,10.3635
322,Mandalay,836-82-5858,26,1,2019,Male,Health and beauty,Ewallet,9,4,31.2165
323,Yangon,447-15-7839,9,2,2019,Female,Health and beauty,Cash,10,4.2,11.12
324,Mandalay,466-61-5506,26,2,2019,Female,Fashion accessories,Cash,6,5.3,27.21
325,Mandalay,545-46-3100,12,3,2019,Female,Home and lifestyle,Credit card,3,8.7,1.5885
326,Mandalay,269-04-5750,21,2,2019,Male,Sports and travel,Cash,4,6.7,14.764
327,Mandalay,346-84-3103,2,3,2019,Female,Food and beverages,Cash,5,4.3,3.305
328,Mandalay,866-05-7563,9,2,2019,Female,Food and beverages,Cash,3,4.8,12.21
329,Mandalay,845-51-0542,2,2,2019,Male,Health and beauty,Ewallet,9,6.4,20.9475
330,Mandalay,110-48-7033,29,1,2019,Male,Electronic accessories,Cash,4,9,6.524
331,Mandalay,655-85-5130,13,3,2019,Female,Home and lifestyle,Cash,4,5.7,7.66
332,Mandalay,571-94-0759,8,1,2019,Female,Food and beverages,Cash,10,9.5,37.3
333,Mandalay,139-20-0155,24,1,2019,Male,Fashion accessories,Credit card,10,7,20.15
334,Yangon,253-12-6086,12,3,2019,Female,Food and beverages,Credit card,7,8.7,34.44
335,Mandalay,573-10-3877,12,3,2019,Male,Sports and travel,Credit card,1,4.7,1.9505
336,Mandalay,532-59-7201,31,1,2019,Male,Electronic accessories,Cash,6,5.5,23.979
337,Mandalay,730-61-8757,25,1,2019,Male,Fashion accessories,Credit card,4,4,10.226
338,Yangon,365-64-0519,21,1,2020,Male,Fashion accessories,Credit card,4,8.6,8.2005
339,Mandalay,374-17-3652,5,2,2019,Female,Electronic accessories,Credit card,9,8.9,19.269
340,Mandalay,378-07-7001,10,2,2019,Male,Food and beverages,Credit card,3,7.8,7.2135
341,Mandalay,433-75-6987,5,3,2019,Female,Electronic accessories,Ewallet,7,8.9,19.5895
342,Mandalay,873-95-4984,15,2,2019,Female,Health and beauty,Cash,7,7.7,26.915
343,Mandalay,115-99-4379,14,3,2019,Female,Health and beauty,Credit card,7,8.5,19.1555
344,Mandalay,565-67-6697,2,3,2019,Male,Food and beverages,Cash,9,4.8,12.15
345,Mandalay,889-04-9723,7,1,2019,Female,Sports and travel,Credit card,4,7.8,17.828
346,Yangon,144-51-6085,5,1,2019,Male,Fashion accessories,Credit card,4,4.4,14.148
347,Mandalay,201-86-2184,2,2,2019,Female,Electronic accessories,Cash,7,9.9,9.191
348,Mandalay,843-01-4703,5,1,2019,Female,Home and lifestyle,Credit card,9,9.6,15.921
349,Mandalay,525-88-7307,31,1,2019,Male,Electronic accessories,Cash,1,5.8,3.791
350,Mandalay,793-10-3222,5,3,2019,Female,Health and beauty,Credit card,6,8.3,12.318
351,Mandalay,346-12-3257,4,3,2019,Male,Fashion accessories,Cash,9,8,8.658
352,Mandalay,725-32-9708,4,1,2019,Female,Electronic accessories,Cash,4,4.1,13.742
353,Mandalay,301-81-8610,19,3,2019,Male,Fashion accessories,Credit card,8,6.7,10.168
354,Mandalay,198-84-7132,2,1,2019,Male,Home and lifestyle,Cash,9,7,18.2745
355,Mandalay,650-98-6268,20,3,2019,Female,Electronic accessories,Credit card,3,8,3.1305
356,Mandalay,394-30-3170,22,3,2019,Female,Food and beverages,Credit card,8,4.3,35.372
357,Yangon,731-14-2199,4,1,2019,Female,Fashion accessories,Ewallet,10,7,17.77
358,Mandalay,390-80-5128,28,1,2019,Female,Sports and travel,Credit card,1,9.5,0.9575
359,Mandalay,296-11-7041,12,1,2019,Female,Electronic accessories,Credit card,1,5.3,1.3535
360,Mandalay,449-27-2918,26,3,2019,Female,Sports and travel,Credit card,1,9.6,1.956
361,Mandalay,767-54-1907,13,2,2019,Female,Food and beverages,Cash,5,6.9,7.39
362,Mandalay,710-46-4433,15,2,2019,Female,Food and beverages,Credit card,9,4.5,34.83
363,Mandalay,234-03-4040,3,3,2019,Female,Food and beverages,Credit card,10,8.7,36.525
364,Mandalay,731-59-7531,30,3,2019,Male,Home and lifestyle,Cash,8,4.6,29.028
365,Mandalay,305-18-3552,12,2,2019,Male,Food and beverages,Cash,10,6,30.19
366,Mandalay,438-01-4015,21,3,2019,Female,Fashion accessories,Ewallet,4,6.6,9.898
367,Mandalay,627-95-3243,4,2,2019,Female,Electronic accessories,Ewallet,9,9.8,34.956
368,Yangon,126-54-1082,7,1,2019,Female,Home and lifestyle,Credit card,9,8.8,9.693
369,Mandalay,608-04-3797,5,3,2019,Female,Sports and travel,Ewallet,8,8.7,10.128
370,Mandalay,401-18-8016,21,1,2019,Female,Electronic accessories,Cash,1,8.9,4.9065
371,Mandalay,277-63-2961,3,2,2019,Male,Electronic accessories,Credit card,1,5.4,3.6985
372,Mandalay,387-49-4215,8,1,2019,Female,Fashion accessories,Cash,3,6.7,7.275
373,Mandalay,291-21-5991,29,3,2019,Male,Home and lifestyle,Cash,5,7,15.3225
374,Mandalay,347-72-6115,16,1,2019,Female,Fashion accessories,Credit card,7,6.2,31.759
375,Mandalay,425-85-2085,29,3,2019,Male,Home and lifestyle,Ewallet,5,9.8,13.715
376,Mandalay,339-38-9982,13,1,2019,Male,Fashion accessories,Ewallet,2,6.7,5.986
377,Mandalay,827-44-5872,7,2,2019,Female,Home and lifestyle,Credit card,10,6.1,27.18
378,Mandalay,339-12-4827,5,1,2019,Female,Sports and travel,Credit card,1,5,3.698
379,Yangon,828-61-5674,20,3,2019,Male,Fashion accessories,Credit card,10,9.6,22.01
380,Mandalay,173-50-1108,13,2,2019,Female,Electronic accessories,Credit card,4,5,4.036
381,Mandalay,701-23-5550,19,3,2019,Male,Sports and travel,Ewallet,4,4.9,7.762
382,Mandalay,198-66-9832,4,2,2019,Female,Electronic accessories,Cash,2,9.5,7.204
383,Mandalay,834-83-1826,25,2,2019,Female,Food and beverages,Credit card,5,7.6,20.51
384,Mandalay,343-61-3544,29,1,2019,Male,Food and beverages,Cash,10,8.6,13.335
385,Mandalay,339-96-8318,1,3,2019,Male,Food and beverages,Ewallet,7,6.3,28.4585
386,Mandalay,359-90-3665,14,1,2019,Female,Sports and travel,Credit card,4,9.5,3.616
387,Mandalay,585-11-6748,15,3,2019,Male,Food and beverages,Cash,3,5.3,14.52
388,Mandalay,349-97-8902,17,1,2019,Male,Health and beauty,Ewallet,2,8.9,5.789
389,Mandalay,789-23-8625,24,1,2019,Male,Fashion accessories,Cash,3,7.2,13.983
390,Yangon,667-92-0055,4,3,2019,Male,Food and beverages,Ewallet,6,8.5,29.949
391,Mandalay,327-40-9673,13,1,2019,Male,Fashion accessories,Cash,6,6.9,21.78
392,Mandalay,670-79-6321,17,1,2019,Female,Fashion accessories,Credit card,7,4.9,33.1065
393,Mandalay,598-06-7312,16,2,2019,Male,Electronic accessories,Cash,1,6.8,4.5675
394,Mandalay,135-13-8269,26,1,2019,Female,Sports and travel,Cash,2,9.1,7.888
395,Mandalay,628-90-8624,14,3,2019,Male,Health and beauty,Cash,10,5,41.29
396,Mandalay,182-88-2763,20,3,2019,Male,Health and beauty,Credit card,3,5,11.9865
397,Mandalay,188-55-0967,15,1,2019,Male,Food and beverages,Credit card,10,5,33.235
398,Mandalay,364-33-8584,8,3,2019,Female,Home and lifestyle,Cash,5,8.5,4.4075
399,Mandalay,695-09-5146,23,2,2019,Female,Health and beauty,Ewallet,3,6.4,14.8185
400,Mandalay,794-32-2436,27,3,2019,Male,Electronic accessories,Ewallet,2,6,5.567
401,Yangon,565-17-3836,12,3,2019,Female,Food and beverages,Cash,4,9.1,9.534
402,Mandalay,574-31-8277,20,3,2019,Male,Home and lifestyle,Cash,1,5.6,1.6815
403,Mandalay,149-15-7606,6,3,2019,Male,Home and lifestyle,Ewallet,9,5.1,16.794
404,Mandalay,133-77-3154,16,2,2019,Male,Fashion accessories,Credit card,4,9.4,12.036
405,Mandalay,725-67-2480,24,3,2019,Female,Fashion accessories,Credit card,6,5.9,17.625
406,Mandalay,779-42-2410,20,2,2019,Male,Sports and travel,Ewallet,3,7.7,8.661
407,Mandalay,642-61-4706,30,3,2019,Male,Food and beverages,Cash,2,5.5,9.34
408,Mandalay,242-11-3142,24,2,2019,Male,Fashion accessories,Cash,2,4.6,8.377
409,Mandalay,752-23-3760,19,2,2019,Female,Home and lifestyle,Credit card,7,7.3,22.428
410,Mandalay,528-87-5606,12,2,2019,Female,Fashion accessories,Cash,1,6.5,1.974
411,Mandalay,510-79-0415,24,1,2019,Female,Health and beauty,Ewallet,6,4.9,6.924
412,Yangon,430-60-3493,3,2,2019,Female,Sports and travel,Cash,7,4.2,33.208
413,Mandalay,241-96-5076,8,1,2019,Female,Health and beauty,Credit card,2,6.4,4.91
414,Mandalay,767-97-4650,8,1,2019,Female,Sports and travel,Credit card,2,8,6.483
415,Mandalay,191-29-0321,27,2,2019,Female,Home and lifestyle,Credit card,10,5,9.885
416,Mandalay,729-06-2010,6,1,2019,Male,Health and beauty,Cash,9,9.2,36.2115
417,Mandalay,640-48-5028,2,3,2019,Female,Home and lifestyle,Cash,9,6.3,39.7755
418,Mandalay,821-14-9046,18,1,2019,Female,Health and beauty,Credit card,6,6.1,5.244
419,Mandalay,434-35-9162,4,2,2019,Male,Health and beauty,Ewallet,4,7.4,4.668
420,Mandalay,299-29-0180,9,3,2019,Female,Electronic accessories,Cash,7,9.3,18.263
421,Mandalay,238-45-6950,1,3,2019,Male,Food and beverages,Ewallet,1,6.4,2.686
422,Mandalay,197-77-7132,12,1,2019,Male,Electronic accessories,Ewallet,8,6,36.624
423,Yangon,278-97-7759,18,2,2019,Female,Fashion accessories,Cash,1,4.7,3.124
424,Mandalay,457-13-1708,8,1,2019,Male,Fashion accessories,Credit card,10,5.2,32.615
425,Mandalay,487-79-6868,26,3,2019,Female,Fashion accessories,Credit card,9,8,5.5305
426,Mandalay,210-30-7976,14,3,2019,Female,Fashion accessories,Ewallet,4,4.1,4.464
427,Mandalay,785-96-0615,17,2,2019,Female,Health and beauty,Ewallet,8,4.9,14.296
428,Mandalay,842-40-8179,11,2,2019,Female,Food and beverages,Credit card,10,5.6,38.6
429,Mandalay,707-32-7409,26,2,2019,Female,Sports and travel,Ewallet,4,4.5,19.108
430,Mandalay,457-94-0464,31,1,2019,Male,Home and lifestyle,Ewallet,9,5.6,39.5415
431,Mandalay,831-81-6575,23,2,2019,Female,Fashion accessories,Cash,9,8,34.0155
432,Mandalay,869-11-3082,27,1,2019,Male,Food and beverages,Credit card,4,8.4,19.232
433,Mandalay,190-59-3964,3,2,2019,Male,Electronic accessories,Credit card,5,6,11.79
434,Yangon,316-68-6352,21,1,2019,Female,Fashion accessories,Cash,2,7.1,3.636
435,Mandalay,109-86-4363,14,2,2019,Female,Fashion accessories,Credit card,7,4.5,21.028
436,Mandalay,222-42-0244,28,1,2019,Female,Sports and travel,Credit card,9,7.7,32.4495
437,Mandalay,343-75-9322,9,1,2019,Female,Sports and travel,Cash,8,4.1,4.74
438,Mandalay,427-45-9297,12,3,2019,Female,Home and lifestyle,Ewallet,7,5.4,14.2555
439,Mandalay,361-59-0574,15,3,2019,Male,Food and beverages,Credit card,8,6.5,36.212
440,Mandalay,544-55-9589,28,1,2019,Female,Electronic accessories,Cash,10,6.2,10.715
441,Mandalay,608-05-3804,25,2,2019,Male,Food and beverages,Cash,1,6.1,1.9875
442,Mandalay,761-49-0439,19,1,2019,Female,Sports and travel,Ewallet,8,8.6,4.84
443,Mandalay,490-95-0021,8,1,2019,Female,Home and lifestyle,Ewallet,10,6,16.605
444,Mandalay,311-13-6971,20,2,2019,Male,Fashion accessories,Credit card,10,9.9,15.995
445,Yangon,744-02-5987,10,1,2019,Male,Sports and travel,Ewallet,6,5.8,23.514
446,Mandalay,811-35-1094,6,2,2019,Male,Health and beauty,Credit card,6,8.9,15.135
447,Mandalay,313-66-9943,27,3,2019,Female,Food and beverages,Credit card,3,7.3,4.3725
448,Mandalay,636-98-3364,2,3,2019,Female,Fashion accessories,Ewallet,3,6.3,3.939
449,Mandalay,321-49-7382,15,2,2019,Male,Health and beauty,Credit card,1,5.2,4.4155
450,Mandalay,676-10-2200,3,2,2019,Male,Sports and travel,Ewallet,1,4.7,2.689
451,Mandalay,503-21-4385,21,2,2019,Male,Electronic accessories,Ewallet,3,9.3,5.9865
452,Mandalay,305-89-2768,9,1,2019,Female,Electronic accessories,Ewallet,3,4.7,3.285
453,Mandalay,574-80-1489,25,2,2019,Female,Food and beverages,Ewallet,4,8.7,12.57
454,Mandalay,200-40-6154,9,2,2019,Male,Health and beauty,Cash,6,5.7,19.773
455,Mandalay,214-30-2776,11,3,2019,Female,Electronic accessories,Credit card,5,9,8.6225
456,Yangon,307-83-9164,25,1,2019,Male,Fashion accessories,Cash,4,4.5,12.002
457,Mandalay,746-04-1077,1,1,2019,Female,Food and beverages,Credit card,10,9,42.315
458,Mandalay,448-34-8700,10,2,2019,Male,Electronic accessories,Ewallet,7,6.7,12.9185
459,Mandalay,883-69-1285,6,3,2019,Male,Electronic accessories,Credit card,2,7,4.992
460,Mandalay,518-71-6847,26,2,2019,Male,Food and beverages,Ewallet,6,4.9,7.98
461,Mandalay,552-44-5977,3,1,2019,Male,Food and beverages,Credit card,8,6.2,24.8
462,Mandalay,430-53-4718,28,1,2019,Male,Food and beverages,Credit card,8,8.4,30.148
463,Mandalay,319-50-3348,11,3,2019,Female,Sports and travel,Ewallet,2,4.4,4.03
464,Mandalay,371-85-5789,5,3,2019,Male,Food and beverages,Ewallet,3,5.1,13.197
465,Mandalay,273-16-6619,15,3,2019,Male,Food and beverages,Credit card,2,4.4,3.32
466,Mandalay,649-29-6775,8,2,2019,Male,Sports and travel,Cash,1,6.7,1.676
467,Yangon,411-77-0180,26,3,2019,Male,Health and beauty,Ewallet,7,4.3,25.27
468,Mandalay,145-94-9061,25,1,2019,Female,Sports and travel,Cash,5,9.6,22.09
469,Mandalay,871-79-8483,25,2,2019,Male,Food and beverages,Credit card,5,4.8,23.5325
470,Mandalay,640-49-2076,10,1,2019,Male,Electronic accessories,Cash,8,5.1,33.512
471,Mandalay,242-55-6721,7,3,2019,Male,Home and lifestyle,Ewallet,2,6.5,1.616
472,Mandalay,847-38-7188,26,1,2019,Female,Sports and travel,Ewallet,3,6.4,14.502
473,Mandalay,318-68-5053,27,2,2019,Female,Fashion accessories,Cash,6,6.1,23.097
474,Mandalay,766-85-7061,29,3,2019,Male,Health and beauty,Ewallet,10,5.1,43.935
475,Mandalay,733-01-9107,5,3,2019,Male,Electronic accessories,Cash,6,7.4,24.81
476,Mandalay,716-39-1409,19,3,2019,Male,Health and beauty,Cash,7,8,10.6225
477,Mandalay,227-78-1148,15,2,2019,Female,Sports and travel,Cash,7,8.4,25.494
478,Yangon,803-17-8013,17,2,2019,Female,Electronic accessories,Cash,8,4.1,35.516
479,Mandalay,378-24-2715,20,1,2019,Male,Sports and travel,Ewallet,2,4.1,5.344
480,Mandalay,549-84-7482,8,2,2019,Female,Electronic accessories,Ewallet,9,7.2,40.626
481,Mandalay,191-10-6171,25,1,2019,Female,Food and beverages,Cash,7,7.5,13.867
482,Mandalay,695-51-0018,10,2,2019,Female,Electronic accessories,Cash,4,7.4,6.968
483,Mandalay,241-72-9525,16,2,2019,Male,Sports and travel,Cash,10,8.2,25.955
484,Mandalay,307-85-2293,7,3,2019,Male,Home and lifestyle,Ewallet,5,9.7,12.57
485,Mandalay,423-57-2993,27,3,2019,Male,Sports and travel,Ewallet,6,10,28.017
486,Mandalay,548-46-9322,20,2,2019,Male,Sports and travel,Credit card,10,5.9,19.95
487,Mandalay,414-12-7047,18,1,2019,Male,Fashion accessories,Ewallet,8,8.7,7.916
488,Mandalay,284-34-9626,11,2,2019,Female,Fashion accessories,Credit card,3,7.2,11.556
489,Yangon,512-98-1403,21,3,2019,Female,Home and lifestyle,Ewallet,3,4.7,3.972
490,Mandalay,437-58-8131,15,1,2019,Female,Home and lifestyle,Ewallet,2,4.6,7.352
491,Mandalay,641-43-2399,26,1,2019,Male,Fashion accessories,Ewallet,4,5.7,5.11
492,Mandalay,573-58-9734,28,3,2019,Female,Fashion accessories,Ewallet,3,5.1,4.5555
493,Mandalay,817-69-8206,2,3,2019,Female,Health and beauty,Credit card,9,6.5,44.8785
494,Mandalay,142-63-6033,20,3,2019,Male,Home and lifestyle,Ewallet,5,4.9,23.09
495,Mandalay,656-16-1063,4,1,2019,Male,Fashion accessories,Credit card,3,4.4,6.963
496,Mandalay,560-30-5617,24,3,2019,Female,Sports and travel,Cash,5,8.5,6.1925
497,Mandalay,549-03-9315,12,2,2019,Male,Electronic accessories,Ewallet,8,8.7,37.948
498,Mandalay,790-29-1172,10,3,2019,Female,Food and beverages,Credit card,3,7.9,8.601
499,Mandalay,239-36-3640,31,1,2019,Male,Sports and travel,Ewallet,6,6.1,13.605
500,Yangon,870-76-1733,1,2,2019,Female,Sports and travel,Credit card,5,4.4,3.5575
501,Mandalay,468-01-2051,6,3,2019,Male,Sports and travel,Ewallet,7,5.4,21.728
502,Mandalay,289-65-5721,26,1,2019,Female,Fashion accessories,Cash,2,6.5,8.137
503,Mandalay,418-02-5978,11,2,2019,Female,Home and lifestyle,Cash,9,8,37.8405
504,Mandalay,376-02-8238,2,2,2019,Male,Sports and travel,Credit card,8,8.3,37.548
505,Mandalay,785-13-7708,14,1,2019,Male,Sports and travel,Credit card,7,4.2,25.571
506,Mandalay,154-74-7179,26,2,2019,Male,Electronic accessories,Ewallet,1,7.9,2.7225
507,Mandalay,783-09-1637,6,3,2019,Female,Sports and travel,Ewallet,5,6.3,16.8575
508,Mandalay,477-24-6490,26,2,2019,Female,Food and beverages,Ewallet,6,7.9,29.913
509,Mandalay,566-19-5475,7,1,2019,Male,Health and beauty,Cash,7,6.2,16.7895
510,Mandalay,498-41-1961,20,2,2019,Male,Home and lifestyle,Cash,5,7.6,16.67
511,Yangon,423-64-4619,7,3,2019,Female,Sports and travel,Cash,9,5,6.9975
512,Mandalay,283-79-9594,25,1,2019,Female,Home and lifestyle,Credit card,7,5.2,16.9785
513,Mandalay,585-03-5943,13,3,2019,Male,Fashion accessories,Ewallet,10,5.9,9.055
514,Mandalay,396-90-2219,23,2,2019,Female,Electronic accessories,Cash,8,8.6,5.984
515,Mandalay,276-54-0879,12,3,2019,Male,Sports and travel,Ewallet,4,6.4,19.548
516,Mandalay,868-81-1752,7,2,2019,Male,Fashion accessories,Cash,9,6.8,9.909
517,Mandalay,692-27-8933,24,2,2019,Female,Health and beauty,Cash,6,5.2,17.385
518,Mandalay,400-45-1220,27,2,2019,Female,Home and lifestyle,Credit card,10,4.8,6.75
519,Mandalay,453-63-6187,1,3,2019,Male,Home and lifestyle,Ewallet,3,6.5,4.125
520,Mandalay,578-80-7669,16,3,2019,Male,Sports and travel,Cash,1,5.6,3.7485
521,Mandalay,261-12-8671,25,1,2019,Female,Electronic accessories,Credit card,2,4.9,6.096
522,Yangon,815-11-1168,9,3,2019,Male,Home and lifestyle,Cash,5,5.4,24.945
523,Mandalay,529-56-3979,11,3,2020,Female,Home and lifestyle,Ewallet,5,4.4,4.03
524,Mandalay,182-69-8360,30,1,2019,Female,Health and beauty,Credit card,4,4,4.73
525,Mandalay,868-52-7573,14,1,2019,Female,Food and beverages,Cash,5,9.9,24.9225
526,Mandalay,596-42-3999,10,3,2019,Male,Sports and travel,Credit card,7,6.6,6.377
527,Mandalay,173-82-9529,26,1,2019,Female,Fashion accessories,Cash,10,9.7,18.975
528,Mandalay,760-54-1821,15,3,2019,Male,Fashion accessories,Cash,9,5.8,6.1155
529,Mandalay,831-64-0259,22,2,2019,Female,Food and beverages,Ewallet,5,9.6,9.9375
530,Mandalay,244-08-0162,2,1,2019,Female,Sports and travel,Cash,10,5.1,17.105
531,Mandalay,569-71-4390,25,1,2019,Male,Health and beauty,Ewallet,2,6.9,2.187
532,Mandalay,268-03-6164,25,1,2019,Male,Fashion accessories,Ewallet,1,7.8,4.8055
533,Mandalay,848-07-1692,12,1,2019,Female,Electronic accessories,Ewallet,2,8.3,5.722
534,Yangon,340-66-0321,25,3,2019,Male,Food and beverages,Cash,4,7.6,7.272
535,Mandalay,741-73-3559,27,2,2019,Male,Home and lifestyle,Cash,5,6.9,16.8175
536,Mandalay,286-75-7818,31,1,2019,Male,Home and lifestyle,Credit card,2,6.9,6.908
537,Mandalay,616-87-0016,9,3,2019,Male,Fashion accessories,Credit card,7,9.6,33.439
538,Mandalay,837-55-7229,22,2,2019,Female,Home and lifestyle,Credit card,1,6.8,2.372
539,Mandalay,891-01-7034,1,1,2019,Female,Fashion accessories,Cash,6,6.7,22.413
540,Mandalay,744-09-5786,2,1,2019,Male,Food and beverages,Cash,6,7.6,6.603
541,Mandalay,533-33-5337,7,2,2019,Male,Home and lifestyle,Cash,10,6.2,39.695
542,Mandalay,554-53-3790,22,3,2019,Male,Health and beauty,Cash,6,4.5,11.106
543,Mandalay,701-69-8742,16,3,2019,Male,Sports and travel,Ewallet,10,6.7,17.185
544,Mandalay,709-58-4068,28,2,2019,Female,Electronic accessories,Cash,10,7.3,20.545
545,Yangon,442-48-3607,14,3,2019,Male,Food and beverages,Credit card,2,7.9,2.348
546,Mandalay,686-41-0932,13,3,2019,Female,Home and lifestyle,Ewallet,2,8.2,3.47
547,Mandalay,437-53-3084,26,2,2019,Male,Fashion accessories,Ewallet,2,7.1,9.989
548,Mandalay,632-32-4574,20,3,2019,Male,Sports and travel,Cash,8,5.5,30.368
549,Mandalay,282-35-2475,25,3,2019,Female,Sports and travel,Cash,2,6.3,9.331
550,Mandalay,511-54-3087,25,2,2019,Male,Electronic accessories,Credit card,1,9.5,4.4225
551,Mandalay,862-17-9201,29,1,2019,Female,Fashion accessories,Credit card,6,7.7,25.215
552,Mandalay,734-91-1155,26,3,2019,Female,Fashion accessories,Credit card,3,7.7,6.8565
553,Mandalay,286-62-6248,16,1,2019,Male,Health and beauty,Credit card,4,9,7.842
554,Mandalay,857-67-9057,6,2,2019,Male,Electronic accessories,Ewallet,10,8.2,11.475
555,Mandalay,841-18-8232,5,1,2019,Female,Electronic accessories,Credit card,1,9.2,3.56
556,Yangon,527-09-6272,21,3,2019,Female,Home and lifestyle,Credit card,5,9.1,7.1125
557,Mandalay,539-21-7227,26,1,2019,Female,Fashion accessories,Cash,5,4.2,12.885
558,Mandalay,747-58-7183,9,2,2019,Male,Food and beverages,Ewallet,3,6.5,8.5905
559,Mandalay,582-52-8065,22,2,2019,Female,Food and beverages,Cash,9,8.9,24.4395
560,Mandalay,210-57-1719,5,2,2019,Female,Home and lifestyle,Cash,9,9.7,26.208
561,Mandalay,356-44-8813,20,1,2019,Male,Electronic accessories,Credit card,3,7.7,5.622
562,Mandalay,174-75-0888,14,3,2019,Male,Food and beverages,Cash,9,7.3,9.711
563,Mandalay,134-54-4720,30,1,2019,Female,Electronic accessories,Ewallet,8,5.7,16.968
564,Mandalay,514-37-2845,20,3,2019,Male,Electronic accessories,Cash,2,9,9.925
565,Mandalay,241-11-2261,10,1,2019,Female,Fashion accessories,Credit card,7,5.5,27.951
566,Mandalay,355-34-6244,13,1,2019,Male,Food and beverages,Credit card,2,8.1,7.239
567,Yangon,441-94-7118,4,2,2019,Male,Sports and travel,Cash,1,7.3,3.5975
568,Mandalay,458-61-0011,20,2,2019,Male,Fashion accessories,Cash,4,5.8,12.06
569,Mandalay,207-73-1363,1,3,2019,Male,Fashion accessories,Ewallet,2,8.1,6.951
570,Mandalay,375-72-3056,19,1,2019,Male,Sports and travel,Ewallet,3,7,9.459
571,Mandalay,470-31-3286,1,3,2019,Male,Home and lifestyle,Credit card,3,8.7,2.223
572,Mandalay,642-30-6693,17,3,2019,Female,Sports and travel,Ewallet,6,7.8,16.353
573,Mandalay,830-58-2383,8,2,2019,Male,Food and beverages,Cash,4,8.6,6.35
574,Mandalay,852-62-7105,12,1,2019,Female,Food and beverages,Credit card,10,4.4,41.625
575,Mandalay,420-04-7590,18,3,2019,Male,Sports and travel,Ewallet,3,4.7,14.955
576,Mandalay,665-63-9737,27,2,2019,Male,Fashion accessories,Ewallet,3,7.5,7.863
577,Mandalay,369-82-2676,15,1,2019,Male,Food and beverages,Ewallet,5,7.8,18.915
578,Yangon,612-36-5536,17,2,2019,Male,Food and beverages,Credit card,8,7.4,32.384
579,Mandalay,563-47-4072,22,1,2019,Female,Health and beauty,Cash,6,9.9,16.743
580,Mandalay,322-02-2271,3,2,2019,Female,Health and beauty,Cash,3,9.3,6.4455
581,Mandalay,190-14-3147,23,2,2019,Female,Food and beverages,Ewallet,4,6.4,3.594
582,Mandalay,679-22-6530,17,1,2019,Female,Health and beauty,Credit card,2,4.1,4.062
583,Mandalay,576-31-4774,2,3,2019,Female,Fashion accessories,Ewallet,3,4,11.0115
584,Mandalay,320-85-2052,14,1,2019,Female,Fashion accessories,Credit card,1,7,1.7405
585,Mandalay,826-58-8051,6,1,2019,Male,Sports and travel,Ewallet,4,4.3,12.438
586,Mandalay,176-64-7711,27,3,2019,Male,Health and beauty,Credit card,3,4.3,4.848
587,Mandalay,186-79-9562,29,3,2019,Male,Food and beverages,Cash,7,8.9,25.1195
588,Mandalay,834-45-5519,31,1,2019,Female,Sports and travel,Ewallet,4,7.6,8.6
589,Yangon,468-88-0009,24,3,2019,Male,Fashion accessories,Cash,4,6,13.188
590,Mandalay,418-05-0656,2,2,2019,Female,Health and beauty,Cash,7,7.1,8.946
591,Yangon,365-64-0518,11,3,2020,Female,Health and beauty,Credit card,7,4.6,24.1255
592,Mandalay,776-68-1096,18,3,2019,Male,Home and lifestyle,Credit card,3,7.9,6.618
593,Mandalay,174-64-0215,5,3,2019,Male,Sports and travel,Credit card,10,8.9,34.87
594,Mandalay,438-23-1242,24,1,2019,Male,Sports and travel,Ewallet,7,8.9,26.558
595,Mandalay,775-72-1988,24,1,2019,Male,Sports and travel,Ewallet,5,8.4,18.32
596,Mandalay,525-09-8450,31,1,2019,Male,Health and beauty,Credit card,10,4.2,36.065
597,Mandalay,593-14-4239,5,3,2019,Female,Food and beverages,Ewallet,8,4.7,38.184
598,Mandalay,388-76-2555,13,2,2019,Male,Sports and travel,Cash,6,6.3,4.107
599,Mandalay,711-31-1234,16,3,2019,Female,Fashion accessories,Cash,4,7.9,19.128
600,Mandalay,120-54-2248,22,1,2019,Female,Home and lifestyle,Credit card,5,8,7.215
601,Yangon,254-31-0042,6,3,2019,Male,Electronic accessories,Credit card,9,7.8,9.675
602,Mandalay,875-31-8302,3,1,2019,Male,Fashion accessories,Cash,1,9.6,4.669
603,Mandalay,744-16-7898,15,1,2019,Female,Food and beverages,Credit card,10,4.9,48.685
604,Mandalay,605-83-1050,15,3,2019,Male,Sports and travel,Ewallet,2,4.3,2.718
605,Mandalay,359-94-5395,15,3,2019,Male,Fashion accessories,Credit card,1,9.8,4.639
606,Mandalay,751-15-6198,12,1,2019,Male,Home and lifestyle,Ewallet,6,7.9,6.903
607,Mandalay,559-61-5987,14,1,2019,Female,Fashion accessories,Cash,1,8.6,0.8875
608,Mandalay,565-91-4567,15,3,2019,Male,Food and beverages,Ewallet,8,6.2,4.3
609,Mandalay,499-27-7781,14,3,2019,Female,Fashion accessories,Ewallet,8,5,21.284
610,Mandalay,366-43-6862,25,3,2019,Male,Food and beverages,Ewallet,4,6.7,10.578
611,Mandalay,636-17-0325,25,2,2019,Male,Electronic accessories,Cash,4,9.5,12.514
612,Yangon,667-23-5919,14,1,2019,Female,Food and beverages,Ewallet,5,7,24.175
613,Mandalay,670-71-7306,2,1,2019,Male,Fashion accessories,Credit card,6,5.1,13.389
614,Mandalay,291-59-1384,28,2,2019,Male,Sports and travel,Cash,1,6,3.015
615,Mandalay,866-70-2814,25,2,2019,Female,Food and beverages,Ewallet,10,10,26.395
616,Mandalay,895-03-6665,16,2,2019,Female,Sports and travel,Cash,9,4.2,16.4295
617,Mandalay,770-42-8960,1,1,2019,Male,Sports and travel,Cash,8,6.3,8.448
618,Mandalay,234-36-2483,15,2,2019,Male,Electronic accessories,Cash,6,5.1,17.277
619,Mandalay,152-03-4217,17,3,2019,Female,Food and beverages,Credit card,9,4.3,5.076
620,Mandalay,533-66-5566,12,1,2019,Female,Fashion accessories,Cash,7,7,17.8745
621,Mandalay,114-35-5271,7,2,2019,Female,Food and beverages,Cash,8,8.1,23.164
622,Mandalay,715-20-1673,6,3,2019,Male,Food and beverages,Cash,5,9.4,7.095
623,Yangon,289-15-7034,11,1,2019,Male,Home and lifestyle,Credit card,4,7.5,16.466
624,Mandalay,699-88-1972,28,1,2019,Male,Fashion accessories,Credit card,8,4.2,39.664
625,Mandalay,509-10-0516,9,2,2019,Male,Fashion accessories,Ewallet,4,5.1,9.194
626,Mandalay,851-98-3555,24,3,2019,Female,Food and beverages,Credit card,5,6.6,20.72
627,Mandalay,624-01-8356,27,1,2019,Female,Sports and travel,Credit card,10,4.2,24.505
628,Mandalay,777-67-2495,22,2,2019,Male,Health and beauty,Ewallet,3,8.7,10.3455
629,Mandalay,181-82-6255,8,2,2019,Female,Home and lifestyle,Cash,6,7,4.911
630,Mandalay,226-34-0034,10,1,2019,Female,Fashion accessories,Ewallet,4,9,2.756
631,Mandalay,431-66-2305,15,2,2019,Female,Sports and travel,Credit card,9,7.6,39.7125
632,Mandalay,825-94-5922,2,3,2019,Male,Electronic accessories,Ewallet,2,7.2,2.531
633,Mandalay,641-62-7288,24,3,2019,Male,Food and beverages,Ewallet,6,7.1,29.976
634,Yangon,563-36-9814,13,2,2019,Male,Home and lifestyle,Ewallet,1,7.2,3.841
635,Mandalay,501-61-1753,3,1,2019,Female,Food and beverages,Ewallet,6,9.8,18.945
636,Mandalay,365-16-4334,24,2,2019,Female,Health and beauty,Ewallet,8,8.9,10.572
637,Mandalay,430-02-3888,7,2,2019,Male,Health and beauty,Cash,6,7.1,13.806
638,Mandalay,794-42-3736,26,1,2019,Male,Electronic accessories,Credit card,2,6.4,3.333
639,Mandalay,172-42-8274,2,3,2019,Female,Food and beverages,Credit card,2,5.8,3.827
640,Mandalay,452-04-8808,26,1,2019,Male,Fashion accessories,Cash,7,5.5,30.478
641,Mandalay,156-20-0370,10,3,2019,Female,Food and beverages,Credit card,1,5.1,1.2725
642,Mandalay,151-33-7434,4,2,2019,Female,Electronic accessories,Credit card,1,6.5,3.3885
643,Mandalay,374-38-5555,7,2,2019,Female,Electronic accessories,Ewallet,5,8.5,15.9275
644,Mandalay,529-56-3977,15,1,2020,Female,Electronic accessories,Cash,5,4.5,28.116
645,Mandalay,764-44-8999,18,2,2019,Female,Electronic accessories,Ewallet,2,4.3,1.476
646,Yangon,308-47-4913,9,3,2019,Female,Home and lifestyle,Credit card,10,6.2,26.13
647,Mandalay,602-16-6955,24,1,2019,Female,Health and beauty,Ewallet,10,6,38.3
648,Mandalay,690-01-6631,22,2,2019,Male,Fashion accessories,Ewallet,10,6.6,8.745
649,Mandalay,303-96-2227,2,3,2019,Female,Sports and travel,Ewallet,10,4.4,48.69
650,Naypyitaw,300-71-4605,25,2,2019,Male,Electronic accessories,Ewallet,5,4.8,21.51
651,Naypyitaw,183-56-6882,6,2,2019,Female,Electronic accessories,Ewallet,4,7.5,19.884
652,Naypyitaw,232-16-2483,7,1,2019,Female,Health and beauty,Ewallet,1,6.8,3.406
653,Naypyitaw,554-53-8700,2,2,2019,Male,Home and lifestyle,Cash,2,6.3,5.611
654,Naypyitaw,228-96-1411,4,3,2019,Female,Sports and travel,Cash,8,7.6,39.48
655,Naypyitaw,617-15-4209,16,3,2019,Male,Fashion accessories,Cash,2,7.2,1.537
656,Naypyitaw,574-22-5561,19,3,2019,Female,Electronic accessories,Ewallet,10,7.9,41.315
657,Yangon,882-40-4577,19,1,2019,Male,Electronic accessories,Credit card,4,8,13.452
658,Naypyitaw,326-78-5178,3,2,2019,Male,Fashion accessories,Cash,7,9.5,31.99
659,Naypyitaw,778-71-5554,25,1,2019,Male,Sports and travel,Credit card,1,6.1,0.7715
660,Naypyitaw,285-68-5083,15,2,2019,Female,Fashion accessories,Credit card,3,10,3.711
661,Naypyitaw,263-10-3913,9,1,2019,Male,Sports and travel,Credit card,9,8.6,22.068
662,Naypyitaw,829-49-1914,5,3,2019,Female,Sports and travel,Ewallet,10,6.6,39.155
663,Naypyitaw,787-56-0757,23,2,2019,Female,Fashion accessories,Credit card,4,8.3,16.072
664,Naypyitaw,360-39-5055,9,3,2019,Male,Food and beverages,Cash,5,6.6,12.2275
665,Naypyitaw,565-80-5980,23,1,2019,Female,Sports and travel,Cash,4,7.1,9.476
666,Naypyitaw,163-56-7055,26,3,2019,Male,Fashion accessories,Cash,1,4.1,2.4355
667,Naypyitaw,861-77-0145,3,3,2019,Male,Food and beverages,Cash,10,9.2,40.985
668,Yangon,132-23-6451,4,1,2019,Male,Health and beauty,Cash,5,7.8,5.2425
669,Naypyitaw,210-67-5886,5,2,2019,Female,Health and beauty,Credit card,3,7.8,14.7315
670,Naypyitaw,237-01-6122,1,2,2019,Female,Sports and travel,Credit card,9,9.5,36.3555
671,Naypyitaw,659-36-1684,12,1,2019,Male,Fashion accessories,Credit card,7,6.5,19.992
672,Naypyitaw,336-78-2147,13,3,2019,Male,Food and beverages,Credit card,8,4.6,25.564
673,Naypyitaw,663-86-9076,8,1,2019,Female,Health and beauty,Ewallet,8,8.5,27.416
674,Naypyitaw,731-81-9469,23,1,2019,Female,Health and beauty,Credit card,10,5.4,44.9
675,Naypyitaw,280-17-4359,25,1,2019,Male,Electronic accessories,Cash,10,8.1,45.25
676,Naypyitaw,338-65-2210,5,2,2019,Female,Fashion accessories,Cash,10,9.1,34.3
677,Naypyitaw,488-25-4221,22,2,2019,Female,Sports and travel,Credit card,1,8.4,1.5205
678,Naypyitaw,584-86-7256,11,3,2019,Male,Food and beverages,Credit card,7,7.3,12.096
679,Yangon,365-64-0516,12,2,2020,Female,Food and beverages,Ewallet,7,7.1,11.7375
680,Yangon,745-71-3520,4,2,2019,Female,Food and beverages,Cash,7,8.2,8.827
681,Naypyitaw,342-65-4817,28,1,2019,Male,Electronic accessories,Ewallet,3,9.9,13.02
682,Naypyitaw,434-83-9547,23,1,2019,Male,Sports and travel,Cash,8,7.7,15.388
683,Naypyitaw,556-86-3144,13,1,2019,Female,Fashion accessories,Cash,1,5,3.7145
684,Naypyitaw,848-24-9445,26,3,2019,Male,Fashion accessories,Cash,2,4.9,4.37
685,Naypyitaw,420-11-4919,17,2,2019,Female,Sports and travel,Credit card,5,5.5,17.8475
686,Naypyitaw,606-80-4905,29,1,2019,Female,Home and lifestyle,Credit card,6,6.8,5.745
687,Naypyitaw,672-51-8681,4,1,2019,Female,Sports and travel,Credit card,9,9.7,29.9925
688,Naypyitaw,263-87-5680,18,3,2019,Female,Home and lifestyle,Ewallet,10,7.8,14.265
689,Naypyitaw,279-62-1445,21,2,2019,Female,Sports and travel,Cash,1,8.2,0.627
690,Naypyitaw,746-68-6593,11,1,2019,Female,Food and beverages,Credit card,2,9.7,8.716
691,Yangon,269-10-8440,21,1,2019,Male,Sports and travel,Cash,7,8.9,18.6095
692,Yangon,529-56-3976,7,2,2020,Male,Sports and travel,Ewallet,7,8.2,21.595
693,Naypyitaw,583-72-1480,31,1,2019,Male,Health and beauty,Ewallet,4,9.7,7.412
694,Naypyitaw,755-12-3214,5,3,2019,Female,Fashion accessories,Credit card,5,8.6,11.055
695,Naypyitaw,142-72-4741,28,2,2019,Male,Food and beverages,Credit card,2,6,9.32
696,Naypyitaw,662-47-5456,17,3,2019,Male,Home and lifestyle,Credit card,10,8.4,17.595
697,Naypyitaw,380-94-4661,7,2,2019,Male,Sports and travel,Credit card,4,6.9,13.188
698,Naypyitaw,687-15-1097,3,1,2019,Female,Home and lifestyle,Cash,2,9.7,2.112
699,Naypyitaw,526-86-8552,7,1,2019,Female,Electronic accessories,Cash,10,7.1,10.91
700,Naypyitaw,537-72-0426,20,3,2019,Male,Home and lifestyle,Cash,10,5.7,35.495
701,Naypyitaw,593-95-4461,24,3,2019,Male,Fashion accessories,Cash,1,6.9,3.743
702,Naypyitaw,211-05-0490,3,3,2019,Female,Food and beverages,Cash,5,7.5,12.98
703,Yangon,325-77-6186,8,3,2019,Female,Fashion accessories,Ewallet,10,7.3,45.325
704,Naypyitaw,779-06-0012,19,1,2019,Female,Health and beauty,Cash,1,7.7,4.4305
705,Naypyitaw,181-94-6432,5,2,2019,Male,Home and lifestyle,Ewallet,2,9.7,6.933
706,Naypyitaw,227-07-4446,10,2,2019,Female,Health and beauty,Cash,10,4.4,39.065
707,Naypyitaw,174-36-3675,14,2,2019,Male,Electronic accessories,Cash,2,5.2,9.937
708,Naypyitaw,428-83-5800,9,2,2019,Female,Food and beverages,Cash,3,7.3,3.162
709,Naypyitaw,603-07-0961,10,1,2019,Male,Fashion accessories,Cash,5,4.9,18.6975
710,Naypyitaw,704-20-4138,11,3,2019,Female,Sports and travel,Credit card,7,8.1,10.3845
711,Naypyitaw,787-15-1757,18,2,2019,Male,Food and beverages,Ewallet,4,8.4,8.814
712,Naypyitaw,719-76-3868,12,3,2019,Male,Home and lifestyle,Cash,4,8.6,18.852
713,Naypyitaw,835-16-0096,24,3,2019,Male,Electronic accessories,Ewallet,5,8.5,3.675
714,Yangon,138-17-5109,15,1,2019,Female,Health and beauty,Credit card,9,6.5,40.1445
715,Naypyitaw,725-96-3778,20,1,2019,Female,Fashion accessories,Cash,8,4.7,35.7
716,Naypyitaw,860-79-0874,15,2,2019,Female,Health and beauty,Credit card,10,6.6,49.65
717,Naypyitaw,595-86-2894,6,2,2019,Male,Fashion accessories,Ewallet,4,9.4,19.396
718,Naypyitaw,153-58-4872,1,3,2019,Female,Electronic accessories,Ewallet,4,4.2,14.978
719,Naypyitaw,394-41-0748,27,1,2019,Female,Fashion accessories,Ewallet,9,9.5,24.3315
720,Naypyitaw,541-89-9860,15,2,2019,Female,Fashion accessories,Cash,3,8.1,12.072
721,Naypyitaw,236-86-3015,4,2,2019,Male,Fashion accessories,Ewallet,1,9.8,0.699
722,Naypyitaw,587-03-7455,16,2,2019,Female,Sports and travel,Ewallet,7,4.9,34.2265
723,Naypyitaw,186-09-3669,22,1,2019,Female,Home and lifestyle,Ewallet,1,9.2,4.0755
724,Yangon,529-56-3978,1,1,2020,Male,Home and lifestyle,Credit card,1,6.9,21.783
725,Naypyitaw,266-76-6436,28,3,2019,Female,Food and beverages,Ewallet,3,7.5,5.79
726,Yangon,187-83-5490,31,1,2019,Male,Health and beauty,Cash,4,4.7,4.154
727,Naypyitaw,271-88-8734,8,2,2019,Female,Home and lifestyle,Credit card,10,8.7,48.605
728,Naypyitaw,257-73-1380,20,1,2019,Male,Sports and travel,Ewallet,4,9.6,16.586
729,Naypyitaw,549-96-4200,8,3,2019,Male,Fashion accessories,Ewallet,4,7,3.408
730,Naypyitaw,450-28-2866,15,1,2019,Male,Home and lifestyle,Cash,5,8.1,4.36
731,Naypyitaw,235-46-8343,14,2,2019,Male,Fashion accessories,Credit card,10,8.9,13.83
732,Naypyitaw,325-90-8763,27,1,2019,Female,Health and beauty,Cash,10,7.6,23.285
733,Naypyitaw,320-32-8842,17,3,2019,Female,Fashion accessories,Cash,1,6.4,1.131
734,Naypyitaw,878-30-2331,2,3,2019,Female,Electronic accessories,Credit card,10,7.1,27.275
735,Naypyitaw,440-59-5691,8,2,2019,Female,Food and beverages,Credit card,7,7.7,13.0025
736,Naypyitaw,233-34-0817,15,2,2019,Female,Health and beauty,Cash,1,8.4,4.942
737,Yangon,470-32-9057,28,3,2019,Male,Home and lifestyle,Credit card,5,9.1,12.835
738,Naypyitaw,767-05-1286,23,1,2019,Female,Electronic accessories,Ewallet,6,5.4,25.131
739,Naypyitaw,493-65-6248,1,1,2019,Female,Electronic accessories,Credit card,10,7,18.49
740,Naypyitaw,148-82-2527,5,3,2019,Female,Home and lifestyle,Credit card,10,8.4,6.06
741,Naypyitaw,573-98-8548,5,1,2019,Female,Home and lifestyle,Ewallet,1,9.1,1.595
742,Naypyitaw,602-80-9671,9,2,2019,Female,Food and beverages,Credit card,6,5.1,4.785
743,Naypyitaw,503-07-0930,23,2,2019,Male,Sports and travel,Credit card,7,8.2,20.4365
744,Naypyitaw,413-20-6708,18,3,2019,Female,Home and lifestyle,Ewallet,1,8.5,2.5735
745,Naypyitaw,521-18-7827,22,1,2019,Male,Sports and travel,Credit card,5,8.7,9.8475
746,Naypyitaw,600-38-9738,17,1,2019,Male,Food and beverages,Credit card,5,4.3,17.98
747,Naypyitaw,451-28-5717,20,3,2019,Female,Fashion accessories,Cash,6,7.3,24.951
748,Yangon,340-21-9136,25,1,2019,Female,Home and lifestyle,Cash,4,9.7,8.01
749,Naypyitaw,358-88-9262,1,2,2019,Female,Home and lifestyle,Ewallet,6,5.1,26.244
750,Naypyitaw,343-87-0864,3,1,2019,Male,Health and beauty,Credit card,1,7.1,3.794
751,Naypyitaw,243-47-2663,28,1,2019,Male,Fashion accessories,Credit card,6,5.5,5.631
752,Naypyitaw,283-26-5248,30,1,2019,Female,Food and beverages,Ewallet,10,4.5,49.26
753,Naypyitaw,339-18-7061,13,2,2019,Female,Electronic accessories,Credit card,2,8,9.298
754,Naypyitaw,302-15-2162,3,3,2019,Male,Home and lifestyle,Credit card,6,4.3,13.959
755,Naypyitaw,788-07-8452,27,1,2019,Female,Fashion accessories,Ewallet,7,9.4,8.484
756,Naypyitaw,484-22-8230,8,1,2019,Female,Fashion accessories,Cash,7,4.5,18.1615
757,Naypyitaw,544-32-5024,28,3,2019,Female,Electronic accessories,Credit card,4,6.4,9.958
758,Naypyitaw,277-35-5865,9,3,2019,Female,Home and lifestyle,Cash,9,6.7,44.5365
759,Yangon,405-31-3305,2,2,2019,Male,Food and beverages,Credit card,10,5.5,21.565
760,Naypyitaw,284-54-4231,19,1,2019,Male,Food and beverages,Credit card,1,9,4.0465
761,Naypyitaw,840-19-2096,14,3,2019,Male,Food and beverages,Ewallet,5,4.4,21.9775
762,Naypyitaw,641-96-3695,7,2,2019,Female,Electronic accessories,Ewallet,6,8.5,13.038
763,Naypyitaw,155-45-3814,19,3,2019,Female,Fashion accessories,Ewallet,8,4.7,35.42
764,Yangon,365-64-0517,7,2,2020,Female,Fashion accessories,Cash,8,5.7,35.69
765,Naypyitaw,131-15-8856,30,3,2019,Female,Health and beauty,Credit card,8,4,29.008
766,Naypyitaw,273-84-2164,16,2,2019,Male,Home and lifestyle,Ewallet,5,5.5,3.0125
767,Naypyitaw,859-71-0933,16,1,2019,Female,Fashion accessories,Cash,2,6.3,1.549
768,Naypyitaw,842-29-4695,16,1,2019,Male,Sports and travel,Credit card,7,7.9,5.999
769,Naypyitaw,641-51-2661,12,2,2019,Female,Electronic accessories,Credit card,10,9.9,43.55
770,Naypyitaw,408-66-6712,16,2,2019,Female,Home and lifestyle,Ewallet,6,4.4,14.313
771,Yangon,676-39-6028,30,3,2019,Female,Sports and travel,Cash,5,6.6,16.11
772,Naypyitaw,173-57-2300,13,3,2019,Male,Health and beauty,Cash,2,6.1,7.288
773,Naypyitaw,394-55-6384,25,1,2019,Female,Sports and travel,Cash,9,6.7,31.5855
774,Naypyitaw,266-20-6657,12,3,2019,Male,Food and beverages,Ewallet,7,5.2,19.264
775,Naypyitaw,196-01-2849,10,2,2019,Female,Food and beverages,Cash,7,9.5,25.683
776,Naypyitaw,162-65-8559,21,1,2019,Male,Food and beverages,Cash,1,4.8,3.449
777,Naypyitaw,728-88-7867,19,3,2019,Female,Health and beauty,Ewallet,4,8.3,15.106
778,Naypyitaw,735-32-9839,31,1,2019,Male,Sports and travel,Ewallet,8,8.5,39.48
779,Naypyitaw,678-79-0726,18,1,2019,Female,Sports and travel,Cash,9,5.1,40.7835
780,Naypyitaw,592-46-1692,11,1,2019,Female,Electronic accessories,Cash,7,7.4,12.8695
781,Naypyitaw,149-14-0304,6,2,2019,Female,Health and beauty,Cash,8,6.6,11.4
782,Yangon,510-09-5628,15,3,2019,Female,Sports and travel,Credit card,10,7.2,9.83
783,Naypyitaw,442-44-6497,8,1,2019,Male,Fashion accessories,Credit card,3,5.9,8.3355
784,Naypyitaw,607-65-2441,10,3,2019,Male,Home and lifestyle,Credit card,10,6,40.975
785,Naypyitaw,386-27-7606,23,3,2019,Female,Health and beauty,Credit card,7,8.1,28.42
786,Naypyitaw,345-68-9016,2,1,2019,Female,Electronic accessories,Credit card,8,5.6,12.668
787,Naypyitaw,390-17-5806,2,2,2019,Female,Electronic accessories,Cash,1,8.6,1.921
788,Naypyitaw,664-14-2882,30,1,2019,Female,Health and beauty,Credit card,5,5.8,2.6325
789,Naypyitaw,314-23-4520,15,1,2019,Male,Health and beauty,Cash,7,9,28.4305
790,Naypyitaw,288-38-3758,25,1,2019,Female,Sports and travel,Ewallet,3,7.4,12.7305
791,Naypyitaw,759-98-4285,27,2,2019,Female,Fashion accessories,Credit card,7,8,30.0545
792,Naypyitaw,201-63-8275,17,2,2019,Female,Health and beauty,Ewallet,7,5.7,23.7965
793,Yangon,420-18-8989,2,2,2019,Female,Home and lifestyle,Cash,8,9.6,20.608
794,Naypyitaw,200-16-5952,17,1,2019,Male,Electronic accessories,Cash,2,6,6.565
795,Naypyitaw,102-77-2261,5,3,2019,Male,Electronic accessories,Credit card,7,4.2,22.8585
796,Naypyitaw,102-06-2002,20,3,2019,Male,Fashion accessories,Cash,5,6.1,6.3125
797,Naypyitaw,516-77-6464,24,2,2019,Female,Home and lifestyle,Ewallet,5,4.1,2.54
798,Naypyitaw,704-10-4056,14,1,2019,Male,Sports and travel,Credit card,3,5.6,9.0705
799,Naypyitaw,400-80-4065,15,2,2019,Male,Health and beauty,Credit card,4,9.2,13.71
800,Naypyitaw,443-60-9639,24,1,2019,Female,Home and lifestyle,Cash,1,5.5,3.0435
801,Naypyitaw,401-09-4232,11,2,2019,Male,Sports and travel,Ewallet,5,9.4,21.6725
802,Naypyitaw,324-41-6833,3,3,2019,Female,Electronic accessories,Ewallet,8,5.1,12.08
803,Naypyitaw,474-33-8305,23,3,2019,Male,Fashion accessories,Ewallet,7,6.9,23.5865
804,Yangon,726-29-6793,28,1,2019,Male,Fashion accessories,Ewallet,8,9.8,9.672
805,Naypyitaw,815-04-6282,8,2,2019,Female,Electronic accessories,Credit card,5,6.5,16.2425
806,Naypyitaw,784-21-9238,7,2,2019,Male,Home and lifestyle,Cash,1,5.9,0.5085
807,Naypyitaw,271-77-8740,1,1,2019,Female,Sports and travel,Ewallet,6,5,8.766
808,Naypyitaw,549-23-9016,13,2,2019,Female,Electronic accessories,Credit card,2,8.9,1.487
809,Naypyitaw,845-94-6841,8,1,2019,Female,Health and beauty,Cash,9,4,32.796
810,Naypyitaw,848-95-6252,20,2,2019,Female,Fashion accessories,Ewallet,1,7,4.3135
811,Naypyitaw,176-78-1170,26,1,2019,Male,Health and beauty,Ewallet,3,7.3,5.0715
812,Naypyitaw,101-81-4070,17,1,2019,Female,Electronic accessories,Ewallet,2,4.9,6.282
813,Naypyitaw,631-34-1880,8,1,2019,Male,Sports and travel,Credit card,3,4.3,3.6465
814,Naypyitaw,885-56-0389,12,2,2019,Male,Electronic accessories,Cash,1,4,2.6175
815,Yangon,609-81-8548,6,2,2019,Female,Electronic accessories,Credit card,6,5.9,11.232
816,Naypyitaw,115-38-7388,30,3,2019,Female,Food and beverages,Credit card,8,9.5,4.072
817,Naypyitaw,607-76-6216,2,3,2019,Female,Fashion accessories,Credit card,5,8.6,23.1225
818,Naypyitaw,409-49-6995,5,2,2019,Female,Food and beverages,Cash,6,8.8,14.181
819,Naypyitaw,725-54-0677,2,3,2019,Male,Health and beauty,Cash,7,5.3,29.96
820,Naypyitaw,377-79-7592,14,1,2019,Female,Food and beverages,Credit card,9,7.5,20.178
821,Naypyitaw,118-62-1812,24,3,2019,Female,Electronic accessories,Cash,4,7.9,15.676
822,Naypyitaw,722-13-2115,14,3,2019,Male,Home and lifestyle,Credit card,1,9.3,2.1425
823,Naypyitaw,246-55-6923,10,3,2019,Female,Sports and travel,Credit card,9,5.1,16.1055
824,Naypyitaw,838-02-1821,22,2,2019,Female,Health and beauty,Credit card,2,5.2,1.273
825,Naypyitaw,457-12-0244,14,3,2019,Female,Sports and travel,Ewallet,6,6.5,10.566
826,Yangon,719-89-8991,25,2,2019,Female,Sports and travel,Ewallet,5,7.1,22.8525
827,Naypyitaw,756-93-1854,2,2,2019,Female,Health and beauty,Credit card,2,9.5,8.335
828,Naypyitaw,235-06-8510,24,1,2019,Male,Fashion accessories,Ewallet,3,5.1,12.858
829,Naypyitaw,702-83-5291,27,3,2019,Male,Electronic accessories,Cash,9,6.6,44.919
830,Naypyitaw,859-97-6048,26,3,2019,Male,Electronic accessories,Credit card,2,5.3,8.425
831,Naypyitaw,373-88-1424,6,2,2019,Male,Electronic accessories,Ewallet,5,7.9,8.9525
832,Naypyitaw,784-08-0310,13,1,2019,Female,Health and beauty,Cash,4,7.6,4.208
833,Naypyitaw,577-34-7579,10,1,2019,Male,Sports and travel,Cash,9,5.4,22.7205
834,Naypyitaw,256-58-3609,18,3,2019,Male,Health and beauty,Cash,1,9.8,4.599
835,Naypyitaw,364-34-2972,30,3,2019,Male,Home and lifestyle,Cash,3,6.7,14.523
836,Naypyitaw,728-47-9078,19,1,2019,Male,Fashion accessories,Cash,4,9.8,11.918
837,Yangon,435-13-4908,24,1,2019,Male,Fashion accessories,Credit card,8,7.2,34.672
838,Naypyitaw,267-62-7380,29,3,2019,Male,Sports and travel,Ewallet,10,4.3,41.17
839,Naypyitaw,652-49-6720,18,2,2019,Female,Electronic accessories,Ewallet,1,5.9,3.0475
840,Naypyitaw,226-31-3081,8,3,2019,Female,Sports and travel,Cash,5,9.6,3.82
841,Naypyitaw,699-14-3026,25,3,2019,Male,Fashion accessories,Ewallet,7,4.1,29.8865
842,Naypyitaw,315-22-5665,24,2,2019,Female,Electronic accessories,Ewallet,10,8,36.78
843,Naypyitaw,333-73-7901,23,3,2019,Female,Sports and travel,Ewallet,8,7.6,21.968
844,Naypyitaw,399-46-5918,28,2,2019,Female,Food and beverages,Cash,8,8.2,34.392
845,Naypyitaw,120-06-4233,12,3,2019,Male,Fashion accessories,Cash,6,9.3,9.183
846,Naypyitaw,803-83-5989,24,2,2019,Male,Electronic accessories,Ewallet,6,7,16.719
847,Naypyitaw,838-78-4295,10,2,2019,Female,Electronic accessories,Ewallet,2,6.7,3.347
848,Yangon,134-75-2619,25,3,2019,Male,Sports and travel,Cash,7,6.9,6.762
849,Naypyitaw,393-65-2792,6,1,2019,Male,Food and beverages,Credit card,10,9.6,44.74
850,Naypyitaw,796-12-2025,11,2,2019,Male,Fashion accessories,Cash,10,5.9,31.06
851,Naypyitaw,841-35-6630,9,3,2019,Female,Fashion accessories,Cash,6,8.7,22.773
852,Naypyitaw,732-94-0499,13,1,2019,Female,Fashion accessories,Credit card,10,5.4,20.825
853,Naypyitaw,756-01-7507,22,1,2019,Female,Health and beauty,Cash,5,6,5.095
854,Naypyitaw,870-72-4431,21,1,2019,Female,Electronic accessories,Credit card,6,5.5,29.757
855,Naypyitaw,480-63-2856,23,1,2019,Male,Health and beauty,Ewallet,8,6.6,7.7
856,Naypyitaw,730-50-9884,5,3,2019,Female,Fashion accessories,Ewallet,7,4,29.071
857,Naypyitaw,362-58-8315,25,3,2019,Male,Food and beverages,Cash,5,9.9,19.13
858,Naypyitaw,225-32-0908,26,1,2019,Female,Home and lifestyle,Ewallet,10,8.2,22.43
859,Yangon,712-39-0363,2,1,2019,Male,Health and beauty,Ewallet,6,5.6,12.498
860,Naypyitaw,512-91-0811,6,2,2019,Male,Food and beverages,Credit card,1,6.6,4.4875
861,Naypyitaw,871-39-9221,9,2,2019,Female,Home and lifestyle,Cash,6,4.1,3.735
862,Naypyitaw,189-98-2939,1,3,2019,Male,Sports and travel,Cash,9,7.2,35.3475
863,Naypyitaw,551-21-3069,1,2,2019,Female,Home and lifestyle,Cash,9,4.9,10.3815
864,Naypyitaw,628-34-3388,5,1,2019,Male,Home and lifestyle,Credit card,6,7.9,8.214
865,Naypyitaw,588-01-7461,24,3,2019,Female,Electronic accessories,Cash,9,4.2,15.291
866,Naypyitaw,365-64-0520,25,2,2020,Male,Electronic accessories,Ewallet,9,4.8,21.51
867,Naypyitaw,225-98-1496,2,3,2019,Female,Sports and travel,Credit card,3,7.1,4.053
868,Naypyitaw,189-08-9157,8,1,2019,Female,Health and beauty,Credit card,9,5.9,14.2785
869,Naypyitaw,483-71-1164,8,3,2019,Female,Food and beverages,Ewallet,6,5.3,24.39
870,Naypyitaw,597-78-7908,18,2,2019,Male,Sports and travel,Cash,3,6.2,13.533
871,Yangon,218-59-9410,29,3,2019,Female,Food and beverages,Ewallet,3,8.2,10.863
872,Naypyitaw,458-41-1477,8,3,2019,Female,Fashion accessories,Credit card,6,9.5,13.878
873,Naypyitaw,568-90-5112,19,3,2019,Male,Electronic accessories,Credit card,4,5.6,13.228
874,Naypyitaw,214-17-6927,7,2,2019,Female,Sports and travel,Ewallet,6,9.9,4.944
875,Naypyitaw,400-89-4171,28,1,2019,Female,Home and lifestyle,Cash,8,9.3,32.388
876,Naypyitaw,894-41-5205,19,1,2019,Female,Home and lifestyle,Credit card,8,8.3,17.272
877,Naypyitaw,423-80-0988,30,1,2019,Male,Fashion accessories,Ewallet,2,6.5,7.64
878,Naypyitaw,234-65-2137,16,1,2019,Male,Electronic accessories,Cash,10,4.8,47.79
879,Naypyitaw,733-33-4967,3,3,2019,Male,Electronic accessories,Cash,8,6.3,8.34
880,Naypyitaw,139-52-2867,13,2,2019,Female,Electronic accessories,Credit card,7,4.8,7.8785
881,Naypyitaw,130-98-8941,9,2,2019,Male,Food and beverages,Cash,7,5.7,22.491
882,Yangon,760-90-2357,20,3,2019,Male,Fashion accessories,Ewallet,6,5,22.353
883,Naypyitaw,824-88-3614,25,1,2019,Male,Sports and travel,Ewallet,8,5.7,13.724
884,Naypyitaw,593-65-1552,28,1,2019,Female,Home and lifestyle,Credit card,4,5.9,13.962
885,Naypyitaw,286-43-6208,16,3,2019,Female,Food and beverages,Cash,9,9.2,39.51
886,Naypyitaw,699-01-4164,12,3,2019,Male,Sports and travel,Credit card,4,8.2,8.3
887,Naypyitaw,426-39-2418,14,1,2019,Male,Food and beverages,Cash,7,9.8,21.4935
888,Yangon,365-64-0522,2,3,2020,Male,Food and beverages,Ewallet,7,6,13.2945
889,Naypyitaw,677-11-0152,16,1,2019,Female,Fashion accessories,Cash,9,8.8,41.967
890,Naypyitaw,389-25-3394,17,2,2019,Male,Sports and travel,Cash,5,9.4,2.9525
891,Naypyitaw,211-30-9270,28,1,2019,Male,Health and beauty,Credit card,5,4.9,4.3525
892,Naypyitaw,821-07-3596,7,3,2019,Female,Electronic accessories,Ewallet,4,5.6,3.29
893,Naypyitaw,883-17-4236,2,3,2019,Female,Electronic accessories,Credit card,4,7.2,1.439
894,Naypyitaw,376-56-3573,2,2,2019,Female,Electronic accessories,Ewallet,4,6.4,19.084
895,Naypyitaw,808-65-0703,14,3,2019,Male,Electronic accessories,Credit card,4,6.9,7.094
896,Yangon,239-48-4278,10,3,2019,Male,Health and beauty,Ewallet,7,8.3,3.5455
897,Naypyitaw,226-71-3580,31,1,2019,Female,Fashion accessories,Cash,9,9.5,10.6875
898,Naypyitaw,523-38-0215,6,3,2019,Male,Fashion accessories,Credit card,9,7.9,1.85
899,Naypyitaw,558-80-4082,14,3,2019,Male,Health and beauty,Ewallet,7,6,9.7475
900,Naypyitaw,727-75-6477,29,3,2019,Male,Health and beauty,Cash,7,6.4,5.768
901,Naypyitaw,446-47-6729,2,1,2019,Male,Electronic accessories,Credit card,2,6.7,9.982
902,Naypyitaw,735-06-4124,25,2,2019,Male,Electronic accessories,Cash,2,4.4,2.4305
903,Naypyitaw,622-20-1945,18,1,2019,Female,Health and beauty,Cash,1,8.4,1.971
904,Naypyitaw,649-11-3678,26,2,2019,Female,Health and beauty,Cash,1,5.5,10.3185
905,Naypyitaw,416-13-5917,30,1,2019,Female,Health and beauty,Ewallet,5,9.3,24.2575
906,Naypyitaw,633-09-3463,28,3,2019,Female,Health and beauty,Credit card,5,9.5,7.1475
907,Naypyitaw,320-49-6392,4,3,2019,Female,Health and beauty,Cash,1,8.4,1.512
908,Naypyitaw,632-90-0281,8,3,2019,Female,Health and beauty,Credit card,1,9.3,18.775
909,Naypyitaw,554-42-2417,9,1,2019,Female,Food and beverages,Cash,10,5.2,47.72
910,Naypyitaw,605-72-4132,27,2,2019,Female,Food and beverages,Cash,10,9.1,37.788
911,Naypyitaw,272-27-9238,19,2,2019,Female,Food and beverages,Cash,4,7.1,8.248
912,Naypyitaw,471-41-2823,7,3,2019,Male,Food and beverages,Ewallet,4,8,9.979
913,Mandalay,365-64-0523,8,2,2020,Male,Food and beverages,Cash,4,6.7,1.676
914,Naypyitaw,122-61-9553,14,3,2019,Female,Fashion accessories,Cash,9,5.6,23.094
915,Naypyitaw,834-25-9262,6,1,2019,Female,Fashion accessories,Cash,9,9.1,16.336
916,Naypyitaw,613-59-9758,27,1,2019,Female,Electronic accessories,Cash,10,5.4,7.18
917,Naypyitaw,730-70-9830,14,3,2019,Female,Electronic accessories,Ewallet,10,5.2,21.033
918,Yangon,443-82-0585,1,2,2019,Female,Fashion accessories,Cash,4,8.4,15.536
919,Naypyitaw,382-25-8917,29,1,2019,Male,Home and lifestyle,Cash,6,8.9,12.624
920,Naypyitaw,743-88-1662,22,2,2019,Male,Home and lifestyle,Ewallet,6,8.7,33.4215
921,Naypyitaw,462-78-5240,19,3,2019,Female,Home and lifestyle,Cash,2,4.2,2.661
922,Naypyitaw,689-16-9784,11,3,2019,Male,Home and lifestyle,Cash,2,6,14.031
923,Naypyitaw,110-05-6330,25,3,2019,Female,Home and lifestyle,Credit card,6,9.4,11.829
924,Naypyitaw,651-61-0874,12,3,2019,Male,Home and lifestyle,Credit card,6,6.2,9.244
925,Naypyitaw,372-26-1506,28,1,2019,Female,Sports and travel,Ewallet,5,5.4,5.955
926,Naypyitaw,750-57-9686,8,1,2019,Female,Sports and travel,Credit card,5,8.7,9.076
927,Naypyitaw,489-64-4354,9,3,2019,Male,Sports and travel,Cash,1,5,0.814
928,Naypyitaw,740-22-2500,23,1,2019,Female,Sports and travel,Cash,1,9.8,12.6075
929,Naypyitaw,574-57-9721,8,3,2019,Male,Electronic accessories,Ewallet,2,5.7,4.327
930,Naypyitaw,751-69-0068,19,3,2019,Male,Electronic accessories,Ewallet,2,9,44.658
931,Naypyitaw,192-98-7397,8,1,2019,Male,Home and lifestyle,Ewallet,1,9.5,0.639
932,Naypyitaw,810-60-6344,7,2,2019,Female,Home and lifestyle,Credit card,1,6.5,16.344
933,Naypyitaw,453-12-7053,10,3,2019,Male,Food and beverages,Credit card,3,6.5,6.861
934,Naypyitaw,729-46-7422,23,2,2019,Male,Food and beverages,Credit card,3,7.9,1.7945
935,Naypyitaw,326-71-2155,3,2,2019,Female,Home and lifestyle,Cash,4,6.1,14.79
936,Naypyitaw,639-76-1242,3,2,2019,Male,Home and lifestyle,Cash,4,4.5,10.13
937,Naypyitaw,598-47-9715,7,3,2019,Male,Health and beauty,Ewallet,4,4.4,16.814
938,Naypyitaw,746-19-0921,9,2,2019,Male,Health and beauty,Ewallet,4,7.2,1.079
939,Yangon,560-49-6611,7,2,2019,Female,Health and beauty,Cash,1,9.8,2.279
940,Naypyitaw,246-11-3901,15,2,2019,Female,Food and beverages,Cash,10,6.2,16.4
941,Naypyitaw,541-08-3113,2,2,2019,Male,Food and beverages,Cash,10,8.4,26.388
942,Naypyitaw,556-72-8512,30,1,2019,Male,Fashion accessories,Cash,1,4.3,1.148
943,Naypyitaw,556-97-7101,1,1,2019,Female,Fashion accessories,Cash,1,8.5,6.322
944,Naypyitaw,620-02-2046,27,1,2019,Male,Food and beverages,Ewallet,2,9,6.94
945,Naypyitaw,862-59-8517,27,1,2019,Female,Food and beverages,Cash,2,6.2,27.072
946,Naypyitaw,133-14-7229,1,1,2019,Male,Health and beauty,Cash,2,5,6.287
947,Naypyitaw,236-27-1144,26,3,2019,Female,Health and beauty,Ewallet,2,8.4,7.3395
948,Naypyitaw,399-69-4630,7,3,2019,Male,Home and lifestyle,Credit card,6,8.6,6.663
949,Naypyitaw,583-41-4548,7,2,2019,Male,Home and lifestyle,Ewallet,6,7.4,5.8345
950,Naypyitaw,718-57-9773,3,2,2019,Female,Health and beauty,Credit card,10,9.4,24.665
951,Naypyitaw,866-99-7614,11,2,2019,Male,Health and beauty,Credit card,10,4.4,44.6
952,Naypyitaw,408-26-9866,2,3,2019,Female,Health and beauty,Ewallet,7,4.1,25.893
953,Naypyitaw,592-34-6155,14,1,2019,Male,Health and beauty,Ewallet,7,6.2,6.354
954,Naypyitaw,379-17-6588,14,3,2019,Male,Food and beverages,Cash,10,5.3,29.805
955,Naypyitaw,390-31-6381,7,1,2019,Male,Food and beverages,Cash,10,7.3,4.083
956,Naypyitaw,123-35-4896,17,2,2019,Female,Home and lifestyle,Ewallet,9,5.3,20.997
957,Naypyitaw,258-69-7810,26,1,2019,Female,Home and lifestyle,Cash,9,9.2,9.2125
958,Naypyitaw,219-61-4139,23,1,2019,Male,Food and beverages,Ewallet,1,6.4,4.154
959,Naypyitaw,881-41-7302,26,1,2019,Female,Food and beverages,Credit card,1,4.5,3.2495
960,Yangon,880-35-0356,5,2,2019,Female,Electronic accessories,Ewallet,3,4.8,11.28
961,Naypyitaw,318-81-2368,19,3,2019,Female,Home and lifestyle,Cash,1,6.3,2.31
962,Naypyitaw,373-09-4567,14,3,2019,Male,Home and lifestyle,Ewallet,1,6.9,38.78
963,Naypyitaw,740-11-5257,24,2,2019,Male,Fashion accessories,Cash,10,7.1,12.37
964,Naypyitaw,778-89-7974,30,3,2019,Male,Fashion accessories,Cash,10,7.4,21.063
965,Naypyitaw,250-81-7186,27,2,2019,Female,Food and beverages,Credit card,1,8,4.9845
966,Naypyitaw,714-02-3114,21,2,2019,Female,Food and beverages,Cash,1,7.7,9.88
967,Naypyitaw,556-41-6224,15,2,2019,Male,Electronic accessories,Credit card,8,9.3,13.456
968,Naypyitaw,648-94-3045,7,2,2019,Male,Electronic accessories,Ewallet,8,8.1,29.475
969,Naypyitaw,370-96-0655,9,1,2019,Female,Sports and travel,Ewallet,6,7.1,14.796
970,Naypyitaw,372-62-5264,16,1,2019,Female,Sports and travel,Cash,6,7.6,23.67
971,Naypyitaw,626-43-7888,7,2,2019,Female,Fashion accessories,Ewallet,8,9.6,24.164
972,Naypyitaw,751-41-9720,12,1,2019,Male,Fashion accessories,Ewallet,8,8,48.75
973,Naypyitaw,183-21-3799,19,2,2019,Female,Home and lifestyle,Ewallet,9,7.2,34.9335
974,Naypyitaw,760-27-5490,20,1,2019,Male,Home and lifestyle,Ewallet,9,9.1,6.248
975,Naypyitaw,210-74-9613,16,3,2019,Male,Electronic accessories,Ewallet,4,6.8,19.452
976,Naypyitaw,268-20-3585,4,2,2019,Female,Electronic accessories,Ewallet,4,6,6.2325
977,Naypyitaw,137-63-5492,29,1,2019,Male,Home and lifestyle,Ewallet,10,9,29.38
978,Naypyitaw,733-29-1227,23,3,2019,Male,Home and lifestyle,Cash,10,8.5,19.4635
979,Naypyitaw,451-73-2711,14,1,2019,Male,Home and lifestyle,Ewallet,1,8.8,4.2415
980,Naypyitaw,801-88-0346,5,1,2019,Female,Home and lifestyle,Credit card,1,9.8,11.409
981,Yangon,334-64-2006,24,3,2019,Female,Home and lifestyle,Ewallet,2,9.6,7.032
982,Naypyitaw,471-06-8611,6,2,2019,Female,Sports and travel,Credit card,1,6.3,2.621
983,Naypyitaw,629-42-4133,19,2,2019,Male,Sports and travel,Cash,1,8.3,8.72
984,Naypyitaw,468-99-7231,3,3,2019,Female,Sports and travel,Cash,8,8.8,17.604
985,Naypyitaw,886-77-9084,19,2,2019,Male,Sports and travel,Ewallet,8,5.5,28.756
986,Naypyitaw,189-55-2313,31,1,2019,Female,Electronic accessories,Ewallet,10,6,31.09
987,Naypyitaw,790-38-4466,23,1,2019,Female,Electronic accessories,Credit card,10,9.3,2.7475
988,Naypyitaw,477-59-2456,23,1,2019,Female,Sports and travel,Cash,7,9.2,15.904
989,Naypyitaw,538-22-0304,24,3,2019,Male,Sports and travel,Cash,7,5.2,32.475
990,Naypyitaw,660-29-7083,15,1,2019,Male,Health and beauty,Cash,10,5.8,27.935
991,Naypyitaw,862-29-5914,30,1,2019,Female,Health and beauty,Credit card,10,8.6,1.119
992,Naypyitaw,584-66-4073,13,3,2019,Male,Electronic accessories,Ewallet,1,9.6,2.825
993,Naypyitaw,658-66-3967,14,1,2019,Male,Electronic accessories,Ewallet,1,5,18.6165
994,Naypyitaw,137-74-8729,13,3,2019,Female,Sports and travel,Ewallet,8,6.8,4.876
995,Naypyitaw,154-87-7367,15,3,2019,Male,Sports and travel,Ewallet,8,6.3,26.104
996,Naypyitaw,389-70-2397,21,2,2019,Female,Home and lifestyle,Cash,5,7.2,20.915
997,Naypyitaw,781-84-8059,18,1,2019,Male,Home and lifestyle,Ewallet,5,5,21.259
998,Naypyitaw,450-42-3339,9,2,2019,Male,Fashion accessories,Credit card,10,8.8,42.305
999,Naypyitaw,545-07-8534,14,2,2019,Female,Fashion accessories,Ewallet,10,6,5.832
1000,Naypyitaw,151-27-8496,19,1,2019,Female,Food and beverages,Ewallet,4,8.6,11.226
1001,Naypyitaw,717-96-4189,2,2,2019,Female,Food and beverages,Cash,4,4.1,10.647
1002,Yangon,559-98-9873,10,2,2019,Female,Health and beauty,Ewallet,7,5.2,18.7775
1003,Naypyitaw,458-10-8612,20,1,2019,Male,Home and lifestyle,Ewallet,7,7.6,22.428
1004,Naypyitaw,887-42-0517,10,1,2019,Female,Home and lifestyle,Credit card,7,6.6,29.099
1005,Naypyitaw,433-08-7822,5,1,2019,Female,Home and lifestyle,Ewallet,7,7.5,27.6115
1006,Naypyitaw,500-02-2261,21,3,2019,Female,Home and lifestyle,Ewallet,7,5.9,17.187
1007,Naypyitaw,744-82-9138,7,2,2019,Male,Health and beauty,Cash,2,8.2,8.613
1008,Naypyitaw,867-47-1948,9,1,2019,Female,Health and beauty,Cash,2,7.8,7.9
1009,Naypyitaw,148-41-7930,23,1,2019,Male,Sports and travel,Cash,7,6.1,34.986
1010,Naypyitaw,189-40-5216,9,1,2019,Male,Sports and travel,Cash,7,6,33.7295
1011,Naypyitaw,233-67-5758,29,1,2019,Male,Sports and travel,Ewallet,7,6.2,2.0175
1012,Yangon,443-59-0061,3,2,2019,Male,Health and beauty,Ewallet,10,4.2,33.725
1013,Yangon,509-29-3912,20,3,2019,Female,Food and beverages,Ewallet,9,4.2,17.424
1014,Yangon,828-46-6863,23,1,2019,Male,Food and beverages,Credit card,6,4,29.559
1015,Yangon,436-54-4512,20,3,2019,Female,Fashion accessories,Cash,1,9.8,4.5805
1016,Yangon,856-66-2701,25,1,2019,Male,Home and lifestyle,Ewallet,3,7.5,7.995
